psraid,sample,state,cregion,usr,pial1a,pial1b,pial1c,pial1d,pial1e,pial2,pial3a,pial3b,pial3c,pial4,employ,par,sex,age,educ2,hisp,race,inc,weight,standwt
100002,1,18,2,S,2,2,2,2,2, , , , , ,3,2,1,62,4,2,1,2,1.46341463414634,.487911897607578
100005,1,18,2,U,1,2,1,1,2,2,2,2,2, ,3,2,2,85,8,2,2,1,1.1219512195122,.37406578816581
100008,1,39,2,R,1,2,2,2,1,2,2,2,2, ,1,1,1,41,3,2,1,4,2.26829268292683,.756263441291746
100010,1,24,3,S,1,2,2,1,2,1,2,2,2, ,3,2,1,19,3,2,1,7,2.41463414634146,.805054631052503
100012,1,42,1,S,1,2,2,2,2,2,2,2,2, ,3,2,2,84,2,2,2,2,1.68292682926829,.561098682248714
100014,1,36,1,S,2,2,2,2,2, , , , , ,3,2,2,84,4,2,1,7,1.97560975609756,.65868106177023
100020,1,42,1,R,1,1,1,1,1,2,1,2,2, ,1,1,2,55,6,2,1,6,1.31707317073171,.43912070784682
100025,1,18,2,S,1,1,1,2,1,2,1,2,2, ,1,2,2,51,3,2,1,99,3.48780487804878,1.16285668929806
100028,1,37,3,U,1,2,2,2,2,2,2,2,2, ,3,2,2,58,3,2,2,2,1.53658536585366,.512307492487957
100037,1,24,3,S,1,2,2,2,2,2,2,2,2, ,3,2,2,64,3,2,5,3,2.95121951219512,.983955660175282
100043,1,9,1,S,1,2,2,2,2,2,2,2,2, ,3,2,1,77,5,2,1,3,1.60975609756098,.536703087368336
100046,1,26,2,R,1,2,2,2,1,1,2,2,2, ,2,1,2,27,3,2,1,2,2.75609756097561,.918900740494271
100049,1,50,1,S,1,2,2,2,2,8,2,2,2, ,3,2,2,65,6,2,1,8,1.07317073170732,.357802058245557
100050,1,36,1,S,1,2,2,2,2,2,2,2,2, ,3,2,2,65,3,2,1,6,3.63414634146342,1.21164787905882
100051,1,26,2,S,1,1,1,1,2,1,1,2,1,3,1,1,2,53,6,2,1,5,2.78048780487805,.927032605454398
100052,1,13,3,S,1,2,2,2,2,2,1,2,2, ,1,1,2,53,6,2,1,3,2.70731707317073,.902637010574019
100053,1,36,1,R,1,2,2,2,2,2,2,2,2, ,1,1,1,39,5,2,1,6,1.34146341463415,.447252572806946
100069,1,12,3,S,2,2,2,2,2, , , , , ,3,2,1,57,6,2,1,6,4.58536585365854,1.52879061250374
100070,1,34,1,S,1,2,1,1,2,1,1,1,1,1,2,1,2,44,4,2,1,99,7.14634146341463,2.382636433317
100077,1,26,2,R,1,1,1,1,2,2,1,2,2, ,3,2,2,60,5,2,1,9,2.19512195121951,.731867846411367
100084,1,13,3,S,1,2,2,2,2,2,2,2,2, ,1,2,2,49,3,2,1,6,4.04878048780488,1.34988958338097
100090,1,44,1,U,1,2,2,1,1,1,1,2,2, ,2,2,2,60,4,2,1,7,3.07317073170732,1.02461498497591
100092,1,13,3,U,1,2,2,2,2,1,1,1,1,4,3,2,2,70,2,2,2,2,1.36585365853659,.455384437767073
100099,1,18,2,R,1,2,2,2,2,8,2,2,2, ,3,2,1,68,3,2,1,2,1.34146341463415,.447252572806946
100103,1,12,3,R,1,1,2,2,2,2,1,2,2, ,3,2,2,73,4,2,1,4,1.4390243902439,.479780032647451
100107,1,26,2,S,2,1,2,2,2, , , , , ,1,2,2,60,5,2,1,1,5.48780487804878,1.82966961602842
100109,1,34,1,S,1,1,2,1,2,2,1,2,2, ,3,2,2,75,3,2,1,6,3.04878048780488,1.01648312001579
100111,1,42,1,S,1,2,2,1,2,1,2,2,2, ,3,9,1,99,9,9,9,99,3.63414634146342,1.21164787905882
100120,1,39,2,U,2,2,2,2,2, , , , , ,3,2,2,88,3,2,2,5,2.21951219512195,.739999711371493
100121,1,36,1,U,1,2,2,2,2,2,2,2,2, ,1,2,1,73,5,2,1,7,3.58536585365854,1.19538414913857
100123,1,36,1,S,2,2,2,2,2, , , , , ,3,2,2,72,3,2,1,6,3.75609756097561,1.25230720385945
100135,1,21,3,U,2,1,1,2,1, , , , , ,1,2,1,21,5,2,3,5,7.14634146341463,2.382636433317
100136,1,50,1,R,1,2,2,2,1,2,1,2,2, ,2,1,2,33,6,2,1,4,2.5609756097561,.853845820813261
100138,1,9,1,S,1,2,2,2,2,1,2,2,2, ,3,2,1,71,8,2,1,6,2.07317073170732,.691208521610735
100140,1,5,3,U,1,2,1,2,2,1,1,2,2, ,1,1,2,40,6,2,2,7,1.68292682926829,.561098682248714
100142,1,12,3,U,1,2,1,1,2,1,8,2,2, ,3,2,2,20,5,2,4,8,2.41463414634146,.805054631052503
100145,1,39,2,U,2,2,2,2,1, , , , , ,3,2,2,65,3,2,2,1,2.21951219512195,.739999711371493
100148,1,29,2,R,1,2,2,1,1,2,1,2,2, ,1,2,2,55,8,2,1,7,1.02439024390244,.341538328325304
100150,1,17,2,S,1,2,2,2,2,2,2,2,2, ,2,2,2,74,3,2,1,4,3.90243902439024,1.30109839362021
100151,1,29,2,U,1,2,2,2,2,1,1,2,2, ,2,1,2,42,6,2,1,7,2.31707317073171,.772527171211998
100157,1,29,2,S,1,1,1,1,1,1,1,1,1,4,3,2,2,19,3,2,1,99,2.1219512195122,.707472251530988
100161,1,42,1,U,1,2,2,2,2,2,2,2,2, ,3,2,1,53,4,2,1,2,4.58536585365854,1.52879061250374
100163,1,36,1,U,1,1,1,1,1,1,1,1,1,4,1,1,2,27,6,2,4,6,6.41463414634146,2.13868048451322
100167,1,51,3,S,1,2,2,2,2,2,1,2,2, ,2,2,2,99,8,2,1,2,1.95121951219512,.650549196810104
100182,1,5,3,R,1,2,2,2,2,2,2,2,4, ,1,2,2,58,8,2,1,6,1,.333406463365178
100185,1,29,2,S,2,2,2,2,2, , , , , ,1,2,1,99,5,2,1,6,1.4390243902439,.479780032647451
100186,1,42,1,U,2,2,2,2,2, , , , , ,3,2,2,74,4,2,2,5,7.14634146341463,2.382636433317
100192,1,55,2,U,1,1,1,1,1,1,2,1,1,1,1,1,1,40,4,2,2,7,3.82926829268293,1.27670279873983
100193,1,37,3,R,1,2,2,2,2,2,1,2,2, ,3,2,2,60,3,2,1,2,1.48780487804878,.496043762567704
100202,1,36,1,S,2,2,2,2,2, , , , , ,3,2,1,81,3,2,1,3,2.17073170731707,.72373598145124
100204,1,50,1,R,1,1,1,2,2,1,2,2,2, ,3,2,2,67,6,2,1,6,1,.333406463365178
100214,1,48,3,U,1,2,2,2,2,2,2,2,2, ,3,2,1,84,3,2,1,2,5.39024390243903,1.79714215618791
100217,1,28,3,S,1,2,2,2,2,8,2,2,2, ,3,2,2,65,5,1,1,99,2.92682926829268,.975823795215156
100219,1,27,2,S,1,2,2,2,2,2,1,2,2, ,3,2,2,46,4,2,1,4,6.46341463414634,2.15494421443347
100221,1,17,2,R,1,2,2,2,2,2,2,2,2, ,3,2,2,77,3,2,1,5,1.68292682926829,.561098682248714
100222,1,44,1,S,1,1,1,1,1,1,1,1,1,1,3,1,2,45,8,1,1,9,5.41463414634146,1.80527402114804
100225,1,27,2,R,1,2,1,1,2,2,2,2,2, ,1,1,1,40,8,2,1,6,1.09756097560976,.365933923205683
100236,1,5,3,R,2,2,2,2,2, , , , , ,1,2,1,55,3,2,2,3,3.36585365853659,1.12219736449743
100248,1,42,1,S,1,2,2,1,2,2,1,2,2, ,1,2,2,71,8,2,1,6,1,.333406463365178
100250,1,50,1,R,1,1,1,2,1,2,1,2,2, ,1,2,2,56,3,2,1,6,1.8780487804878,.626153601929725
100257,1,17,2,U,1,2,2,2,2,2,1,2,2, ,3,2,2,63,3,2,1,4,2.48780487804878,.829450225932882
100259,1,27,2,U,1,1,2,2,2,8,2,2,2, ,3,2,2,85,4,2,1,99,2.87804878048781,.959560065294903
100261,1,25,1,U,1,1,2,2,2,2,2,2,2, ,3,2,1,78,6,2,1,6,1,.333406463365178
100264,1,26,2,S,2,2,2,2,2, , , , , ,3,2,2,73,4,2,1,1,1.41463414634146,.471648167687325
100267,1,37,3,S,1,2,1,2,1,2,2,2,2, ,1,1,2,51,6,2,1,7,2.70731707317073,.902637010574019
100273,1,45,3,S,1,1,2,2,1,2,1,2,2, ,1,2,1,54,5,2,1,3,2.14634146341463,.715604116491114
100274,1,12,3,S,1,2,1,2,2,1,2,2,2, ,3,2,1,99,9,2,1,99,4.29268292682927,1.43120823298223
100275,1,18,2,S,1,2,1,2,1,2,1,2,2, ,2,2,2,56,5,2,1,6,3.1219512195122,1.04087871489617
100283,1,12,3,R,1,2,2,2,2,8,2,2,2, ,3,2,2,75,1,2,2,3,1.58536585365854,.528571222408209
100284,1,12,3,U,1,1,1,1,2,1,1,2,2, ,3,2,1,65,3,2,1,3,1.97560975609756,.65868106177023
100295,1,39,2,S,1,2,2,1,1,1,1,2,2, ,1,2,1,50,6,2,1,99,2.65853658536585,.886373280653766
100298,1,18,2,S,2,2,2,2,2, , , , , ,3,2,2,90,4,2,1,99,4.68292682926829,1.56131807234425
100308,1,30,4,U,1,2,2,2,2,8,2,2,2, ,2,2,2,75,8,2,5,3,1,.333406463365178
100310,1,50,1,R,2,2,2,2,2, , , , , ,3,2,2,85,3,2,1,2,1.4390243902439,.479780032647451
100312,1,29,2,S,1,2,2,2,2,2,1,2,2, ,2,2,2,56,6,2,1,99,2.26829268292683,.756263441291746
100314,1,4,4,S,1,2,2,2,2,1,2,2,2, ,1,2,1,49,3,2,1,7,2.31707317073171,.772527171211998
100315,1,23,1,S,1,2,2,2,2,1,2,2,2, ,1,2,2,33,8,2,1,99,3.34146341463415,1.1140654995373
100322,1,16,4,R,1,2,2,2,2,2,1,2,2, ,3,2,2,69,4,2,1,4,1.4390243902439,.479780032647451
100326,1,8,4,U,1,1,1,2,1,1,2,2,2, ,3,2,1,72,6,2,1,9,1.19512195121951,.398461383046189
100330,1,22,3,R,1,2,1,1,2,2,2,2,2, ,3,2,1,73,3,9,1,6,2.31707317073171,.772527171211998
100333,1,6,4,S,1,2,2,1,2,2,1,2,2, ,1,1,1,40,8,1,2,8,2.17073170731707,.72373598145124
100334,1,4,4,U,2,2,2,2,2, , , , , ,2,2,1,53,3,2,1,1,5.14634146341463,1.71582350658665
100340,1,35,4,R,1,2,2,1,1,1,1,1,2, ,1,1,2,46,3,1,1,3,5.04878048780488,1.68329604674614
100343,1,35,4,R,1,2,2,2,2,1,1,1,1,4,2,2,2,18,4,1,1,1,1.34146341463415,.447252572806946
100344,1,48,3,U,1,2,1,1,2,1,2,2,2, ,3,2,1,71,4,1,1,5,3,1.00021939009553
100352,1,19,2,S,2,2,2,2,2, , , , , ,3,2,1,63,5,2,1,4,3.4390243902439,1.14659295937781
100353,1,53,4,S,1,2,2,2,1,1,1,1,1,1,1,1,2,48,4,2,1,99,4.1219512195122,1.37428517826134
100357,1,36,1,U,2,2,2,2,1, , , , , ,1,2,1,51,6,2,2,5,6.58536585365854,2.1956035392341
100361,1,9,1,S,1,1,1,2,1,1,2,2,1,4,1,1,1,30,6,2,1,7,2.26829268292683,.756263441291746
100363,1,37,3,R,1,2,1,1,1,2,1,2,2, ,1,1,1,32,3,2,2,5,2.70731707317073,.902637010574019
100374,1,21,3,R,2,2,1,2,1, , , , , ,2,2,1,62,8,2,1,99,3.4390243902439,1.14659295937781
100376,1,36,1,S,1,2,2,2,2,1,2,2,2, ,1,2,2,63,7,2,1,7,2.36585365853659,.788790901132251
100377,1,53,4,U,1,2,2,2,2,1,2,2,2, ,1,2,2,66,6,2,1,9,1.1219512195122,.37406578816581
100378,1,4,4,U,1,2,1,2,2,2,2,2,2, ,1,2,2,99,6,2,1,6,1.1219512195122,.37406578816581
100380,1,4,4,S,1,1,1,2,2,1,1,2,2, ,3,2,2,74,6,2,1,99,1.1219512195122,.37406578816581
100381,1,40,3,S,1,2,2,1,2,8,2,2,2, ,3,2,2,77,3,2,1,3,2.41463414634146,.805054631052503
100383,1,22,3,S,1,1,2,2,2,2,2,2,2, ,3,2,1,57,3,2,2,3,1.92682926829268,.642417331849977
100403,1,53,4,S,1,2,2,2,2,2,2,2,2, ,3,2,2,70,7,2,1,6,1.1219512195122,.37406578816581
100412,1,18,2,R,1,2,2,2,2,8,1,2,2, ,3,2,2,64,3,2,1,99,1.90243902439024,.634285466889851
100415,1,50,1,R,2,2,2,2,2, , , , , ,3,2,2,73,3,2,1,99,2.87804878048781,.959560065294903
100418,1,53,4,R,1,2,2,2,2,2,2,2,2, ,3,2,1,80,6,2,1,5,1,.333406463365178
100419,1,8,4,S,1,1,1,1,1,1,1,2,2, ,3,1,1,52,6,2,1,99,1.46341463414634,.487911897607578
100425,1,12,3,U,1,2,2,2,2,8,2,2,2, ,3,2,2,80,6,2,2,3,1,.333406463365178
100426,1,6,4,U,1,2,2,1,2,1,1,2,2, ,1,2,2,29,6,2,1,7,4,1.33362585346071
100441,1,4,4,S,1,2,2,2,1,2,2,2,2, ,1,1,2,99,3,1,6,3,1.73170731707317,.577362412168967
100448,1,48,3,S,1,2,2,2,2,2,2,2,2, ,3,2,1,69,4,2,1,5,1.8780487804878,.626153601929725
100456,1,29,2,S,2,2,2,2,2, , , , , ,3,2,2,81,5,2,1,1,2,.666812926730356
100462,1,1,3,R,1,1,9,2,2,2,2,2,2, ,1,1,2,52,4,2,1,6,4.19512195121951,1.39868077314172
100478,1,48,3,S,1,2,2,2,1,2,2,2,2, ,1,1,1,41,3,2,1,3,2.29268292682927,.764395306251872
100479,1,55,2,S,1,1,1,1,1,2,2,2,2, ,3,2,2,19,3,2,1,7,1.78048780487805,.59362614208922
100481,1,27,2,U,2,2,2,1,2, , , , , ,2,2,2,42,3,2,1,2,7.14634146341463,2.382636433317
100486,1,27,2,R,1,2,2,2,2,2,1,2,2, ,1,2,2,48,3,2,1,6,3.29268292682927,1.09780176961705
100490,1,48,3,S,2,2,2,2,2, , , , , ,3,2,2,82,1,1,1,1,3.36585365853659,1.12219736449743
100508,1,55,2,S,1,2,2,1,1,1,8,1,1,1,2,2,2,19,3,2,1,9,2.1219512195122,.707472251530988
100510,1,55,2,S,1,2,1,2,1,1,1,2,2, ,1,2,2,58,8,2,1,7,1.02439024390244,.341538328325304
100511,1,1,3,R,2,2,2,2,1, , , , , ,3,1,2,61,3,2,2,1,1.58536585365854,.528571222408209
100515,1,31,2,U,1,1,1,1,1,1,1,1,1,3,3,1,2,55,6,2,2,4,1.85365853658537,.618021736969599
100520,1,29,2,U,1,1,1,2,1,2,1,2,2, ,1,1,1,50,6,2,1,6,1.73170731707317,.577362412168967
100533,1,1,3,U,1,2,2,2,2,2,1,2,2, ,3,2,1,71,2,2,2,1,1.65853658536585,.552966817288588
100534,1,17,2,S,2,2,2,2,2, , , , , ,2,2,1,68,6,2,1,3,1.95121951219512,.650549196810104
100536,1,48,3,R,1,2,2,2,2,2,2,2,2, ,3,2,2,57,4,2,2,5,1.34146341463415,.447252572806946
100541,1,48,3,U,2,2,2,2,2, , , , , ,3,2,2,69,6,2,1,99,2.14634146341463,.715604116491114
100553,1,17,2,S,1,2,2,1,1,2,1,2,4, ,2,2,2,80,3,2,1,3,2.63414634146341,.87824141569364
100555,1,48,3,U,1,2,2,2,1,2,2,2,2, ,1,1,1,27,3,1,6,4,7.14634146341463,2.382636433317
100564,1,41,4,S,1,2,2,2,1,2,1,4,4, ,1,2,1,48,6,2,1,8,1.73170731707317,.577362412168967
100569,1,19,2,U,1,2,2,2,2,2,2,2,2, ,1,2,2,69,8,2,1,99,1,.333406463365178
100570,1,8,4,S,1,1,2,2,2,1,1,1,1,4,2,2,2,18,3,2,1,6,2.09756097560976,.699340386570862
100571,1,6,4,U,1,1,1,1,1,1,1,2,2, ,2,1,2,42,6,2,1,9,4.04878048780488,1.34988958338097
100573,1,48,3,U,2,2,2,2,2, , , , , ,3,2,1,84,3,2,1,1,2.5609756097561,.853845820813261
100574,1,41,4,S,2,2,2,2,2, , , , , ,3,2,2,90,4,2,1,99,1.39024390243902,.463516302727199
100578,1,49,4,S,1,2,2,2,2,2,1,2,2, ,3,2,2,75,5,2,1,3,1.4390243902439,.479780032647451
100582,1,20,2,R,2,2,2,2,2, , , , , ,3,2,1,58,2,2,1,99,4.14634146341463,1.38241704322147
100593,1,48,3,S,2,2,1,1,1, , , , , ,3,2,2,18,2,1,1,1,7.14634146341463,2.382636433317
100594,1,48,3,U,1,2,2,2,2,2,2,2,2, ,2,2,2,70,4,2,9,99,2.24390243902439,.748131576331619
100595,1,5,3,R,1,2,2,1,1,8,1,2,2, ,3,1,1,45,4,2,2,4,2,.666812926730356
100602,1,19,2,U,2,2,2,2,2, , , , , ,3,2,2,89,1,2,1,99,1.46341463414634,.487911897607578
100605,1,17,2,R,1,2,2,2,2,2,2,2,2, ,3,2,2,84,6,2,1,99,1,.333406463365178
100606,1,17,2,U,2,2,2,2,2, , , , , ,3,2,2,70,3,2,2,2,2.78048780487805,.927032605454398
100608,1,55,2,R,2,2,2,2,2, , , , , ,3,2,2,73,6,2,1,3,1.58536585365854,.528571222408209
100610,1,29,2,U,1,2,2,2,2,2,2,2,2, ,1,2,1,54,4,2,1,99,1.85365853658537,.618021736969599
100621,1,17,2,S,1,2,1,1,2,1,1,1,1,1,1,1,1,35,8,2,1,9,3.02439024390244,1.00835125505566
100622,1,17,2,U,1,2,2,2,2,2,2,4,4, ,2,2,1,99,4,2,2,99,2.48780487804878,.829450225932882
100623,1,55,2,U,1,2,2,2,2,2,2,2,2, ,1,2,1,69,5,2,1,6,2.02439024390244,.674944791690483
100631,1,50,1,U,2,2,2,1,2, , , , , ,3,2,1,82,3,2,1,3,4.48780487804878,1.49626315266324
100634,1,39,2,S,1,1,2,1,2,2,2,4,4, ,2,2,2,66,4,2,1,99,2.29268292682927,.764395306251872
100635,1,21,3,R,1,2,2,2,2,2,2,2,2, ,2,2,2,56,3,2,1,2,2.19512195121951,.731867846411367
100639,1,42,1,S,1,1,1,1,1,2,2,2,2, ,3,2,1,70,3,2,1,5,2.48780487804878,.829450225932882
100641,1,36,1,S,2,2,2,2,2, , , , , ,3,2,2,84,1,2,2,99,2.17073170731707,.72373598145124
100643,1,34,1,S,1,2,2,2,2,2,1,2,2, ,3,2,2,81,6,2,1,99,2.07317073170732,.691208521610735
100652,1,23,1,R,2,2,2,2,2, , , , , ,3,2,2,83,4,2,1,4,1.39024390243902,.463516302727199
100661,1,42,1,S,1,1,1,2,2,1,2,1,1,1,3,2,1,59,3,2,1,99,2.53658536585366,.845713955853135
100670,1,24,3,S,1,2,2,2,1,2,1,2,2, ,3,1,2,35,4,2,1,3,7.14634146341463,2.382636433317
100673,1,42,1,S,1,1,1,1,2,1,2,2,2, ,3,2,2,65,6,2,1,8,1.65853658536585,.552966817288588
100686,1,18,2,R,1,2,2,2,2,8,2,2,2, ,3,2,1,78,3,2,1,2,1.34146341463415,.447252572806946
100697,1,12,3,S,1,2,2,2,2,2,2,2,2, ,3,2,1,81,4,2,1,2,1.29268292682927,.430988842886694
100699,1,51,3,S,1,2,2,2,2,2,2,2,2, ,3,2,2,88,3,2,1,99,1.29268292682927,.430988842886694
100704,1,37,3,S,2,1,1,1,1, , , , , ,3,2,1,18,3,1,4,3,7.14634146341463,2.382636433317
100708,1,21,3,R,1,1,2,1,1,2,2,2,2, ,3,1,1,21,3,2,1,4,1.5609756097561,.520439357448083
100711,1,13,3,R,1,1,1,2,2,2,2,2,2, ,3,2,2,75,6,2,1,8,1,.333406463365178
100717,1,12,3,S,1,2,2,2,2,1,2,2,2, ,3,2,1,67,4,2,1,6,1.92682926829268,.642417331849977
100721,1,37,3,R,2,2,2,2,2, , , , , ,3,2,2,92,6,2,1,99,1.19512195121951,.398461383046189
100722,1,21,3,R,2,2,2,2,2, , , , , ,3,2,1,54,2,2,1,4,7.14634146341463,2.382636433317
100724,1,25,1,S,1,1,2,2,2,2,2,2,2, ,1,2,2,56,8,2,1,8,2.24390243902439,.748131576331619
100728,1,9,1,S,1,2,2,2,2,2,2,2,2, ,3,2,2,70,6,2,3,3,2.1219512195122,.707472251530988
100730,1,39,2,S,1,1,2,2,1,1,2,2,1,1,1,2,2,58,5,2,1,6,1.24390243902439,.414725112966441
100732,1,37,3,S,1,2,2,2,2,2,2,2,2, ,3,2,2,82,3,2,1,99,1.65853658536585,.552966817288588
100735,1,37,3,U,2,2,2,2,1, , , , , ,3,2,1,35,2,2,1,1,2.90243902439024,.967691930255029
100739,1,51,3,S,1,1,1,1,1,1,2,2,2, ,1,1,1,46,6,1,1,6,1.78048780487805,.59362614208922
100742,1,12,3,S,1,2,2,2,2,8,1,2,2, ,3,2,1,86,8,2,1,6,1.4390243902439,.479780032647451
100746,1,26,2,S,1,2,2,1,1,2,1,2,2, ,1,1,1,39,6,2,1,6,1.68292682926829,.561098682248714
100750,1,37,3,R,1,1,1,1,2,1,2,1,1,4,1,2,2,53,8,2,1,99,1.53658536585366,.512307492487957
100751,1,13,3,R,1,1,2,2,2,2,2,2,2, ,3,2,2,83,3,2,1,5,1.92682926829268,.642417331849977
100754,1,44,1,S,1,2,2,1,1,1,1,1,2, ,1,1,1,39,8,2,1,7,1.36585365853659,.455384437767073
100758,1,42,1,S,1,1,2,2,2,2,1,2,2, ,1,2,2,61,4,2,1,4,1.21951219512195,.406593248006315
100762,1,39,2,S,1,1,2,2,1,1,1,2,2, ,3,2,2,69,3,2,1,99,2.1219512195122,.707472251530988
100769,1,25,1,U,1,2,2,1,2,1,1,2,2, ,1,2,1,29,4,1,6,99,2.34146341463415,.780659036172124
100771,1,12,3,S,1,2,2,2,2,2,3,2,2, ,3,2,2,62,3,2,2,1,2.34146341463415,.780659036172124
100772,1,9,1,S,1,2,2,2,2,2,2,2,2, ,3,2,1,80,8,2,1,99,2.07317073170732,.691208521610735
100776,1,37,3,S,1,2,2,2,1,1,2,2,2, ,1,1,2,43,8,2,1,6,2.68292682926829,.894505145613893
100783,1,42,1,S,1,2,2,2,2,2,2,2,2, ,1,2,1,75,6,2,1,7,2.19512195121951,.731867846411367
100785,1,26,2,S,2,2,2,2,2, , , , , ,3,2,2,80,1,2,1,4,3.80487804878049,1.2685709337797
100791,1,42,1,R,1,2,2,2,1,2,1,2,2, ,3,2,2,51,4,2,1,2,2.73170731707317,.910768875534145
100792,1,37,3,U,1,2,2,1,2,2,1,2,2, ,3,2,2,73,3,2,1,4,1.70731707317073,.569230547208841
100798,1,33,1,S,1,2,2,1,2,1,2,2,2, ,3,2,2,79,8,2,1,6,1.1219512195122,.37406578816581
100803,1,47,3,R,2,2,2,2,2, , , , , ,3,2,2,83,3,2,1,2,2.21951219512195,.739999711371493
100804,1,27,2,R,1,2,2,2,2,2,2,2,2, ,1,2,2,53,3,2,1,5,2.75609756097561,.918900740494271
100806,1,17,2,S,1,2,2,1,1,2,1,2,2, ,3,2,1,18,3,2,1,7,2.97560975609756,.992087525135408
100810,1,29,2,S,1,1,2,1,2,1,1,2,2, ,1,2,2,57,3,2,1,99,3.51219512195122,1.17098855425819
100814,1,36,1,S,1,1,1,2,2,1,2,2,2, ,3,2,1,69,3,2,1,6,2.48780487804878,.829450225932882
100817,1,48,3,R,1,2,2,2,1,1,2,2,2, ,1,2,1,43,5,2,1,6,1.5609756097561,.520439357448083
100835,1,39,2,S,1,2,2,2,1,1,1,2,2, ,1,1,1,56,5,2,2,4,1.68292682926829,.561098682248714
100848,1,27,2,S,1,2,2,1,1,1,1,1,2, ,1,1,1,53,5,2,1,8,3.26829268292683,1.08966990465692
100852,1,39,2,S,1,1,2,1,1,2,1,2,2, ,3,2,1,18,3,2,1,99,1.75609756097561,.585494277129093
100857,1,55,2,R,1,2,2,2,2,2,2,2,2, ,3,2,2,84,6,2,1,5,1,.333406463365178
100859,1,22,3,R,1,2,2,2,1,2,1,2,2, ,2,1,2,28,4,2,2,2,2.39024390243902,.796922766092377
100860,1,34,1,S,1,2,1,1,2,2,2,2,2, ,3,2,1,60,6,2,1,5,1.19512195121951,.398461383046189
100863,1,37,3,U,1,2,2,2,2,2,2,2,2, ,3,2,2,53,4,2,1,4,4.19512195121951,1.39868077314172
100870,1,24,3,S,1,2,2,2,1,1,1,1,1,4,2,2,2,20,5,2,2,4,2.70731707317073,.902637010574019
100873,1,27,2,S,1,1,1,1,1,1,1,1,1,1,1,2,2,70,6,2,1,8,1.14634146341463,.382197653125936
100884,1,25,1,S,1,2,2,1,2,1,2,2,2, ,3,2,2,70,8,2,1,6,1.34146341463415,.447252572806946
100886,1,12,3,U,2,2,2,2,2, , , , , ,3,2,2,75,5,2,2,4,3.92682926829268,1.30923025858033
100888,1,51,3,S,1,2,2,2,1,2,2,2,2, ,3,2,2,99,4,2,1,99,2.65853658536585,.886373280653766
100892,1,51,3,S,1,2,2,2,2,2,1,2,2, ,3,2,2,76,4,2,1,3,1.78048780487805,.59362614208922
100900,1,29,2,S,2,2,2,2,2, , , , , ,3,2,2,75,3,2,2,1,2.21951219512195,.739999711371493
100923,1,1,3,U,1,2,2,2,2,2,2,2,2, ,2,2,1,66,3,2,1,4,3.02439024390244,1.00835125505566
100925,1,22,3,U,1,2,2,2,2,1,2,2,2, ,1,2,1,68,8,2,1,4,1.41463414634146,.471648167687325
100926,1,18,2,U,1,2,2,2,2,2,1,2,4, ,1,2,1,45,4,2,1,6,1.80487804878049,.601758007049346
100929,1,5,3,R,2,2,2,2,2, , , , , ,3,2,2,78,3,2,1,9,3.95121951219512,1.31736212354046
100931,1,12,3,S,1,8,1,1,1,1,1,2,2, ,1,1,1,43,4,1,1,3,7.14634146341463,2.382636433317
100933,1,12,3,R,1,2,2,2,2,2,2,2,1,4,3,2,1,68,2,2,1,2,2.75609756097561,.918900740494271
100935,1,40,3,U,1,2,2,1,2,1,2,2,2, ,1,2,1,50,6,2,1,99,2.4390243902439,.81318649601263
100949,1,37,3,R,1,1,1,2,1,1,1,1,1,1,2,2,2,22,6,2,1,8,1.82926829268293,.609889872009472
100958,1,27,2,R,2,2,2,2,2, , , , , ,3,2,2,63,3,2,1,3,1.65853658536585,.552966817288588
100962,1,29,2,R,1,1,2,1,1,1,1,2,2, ,1,1,2,34,3,2,1,6,2.75609756097561,.918900740494271
100974,1,12,3,S,1,1,1,1,1,1,2,2,2, ,1,1,2,49,8,2,1,7,2.21951219512195,.739999711371493
100984,1,18,2,R,1,2,2,2,2,1,2,2,2, ,1,2,1,57,3,2,1,5,1.78048780487805,.59362614208922
100986,1,27,2,R,2,2,2,2,2, , , , , ,3,2,1,53,3,2,9,99,2.07317073170732,.691208521610735
100988,1,48,3,R,2,2,2,2,2, , , , , ,1,1,1,30,2,1,1,4,6.95121951219512,2.31758151363599
100992,1,37,3,S,1,1,1,1,2,2,1,2,4, ,3,2,2,64,4,2,1,6,2.53658536585366,.845713955853135
100993,1,4,4,R,2,2,2,2,2, , , , , ,3,1,2,47,3,2,9,1,7.09756097560976,2.36637270339675
100998,1,19,2,R,1,2,2,2,2,2,2,2,2, ,3,2,2,77,4,2,1,6,1,.333406463365178
101007,1,4,4,U,1,2,2,1,1,2,1,2,2, ,3,2,2,24,6,2,1,2,1.29268292682927,.430988842886694
101008,1,13,3,S,1,2,2,2,2,2,2,2,2, ,3,2,1,62,5,2,1,1,1.31707317073171,.43912070784682
101014,1,42,1,S,2,2,2,2,1, , , , , ,3,1,2,31,2,2,4,3,5.09756097560976,1.6995597766664
101016,1,47,3,S,2,2,2,2,2, , , , , ,3,2,2,72,2,2,1,99,3.39024390243902,1.13032922945756
101019,1,17,2,S,1,2,2,2,2,8,2,2,2, ,3,2,2,99,2,2,1,9,1.4390243902439,.479780032647451
101021,1,55,2,R,1,2,2,2,2,2,2,2,2, ,3,2,2,78,4,2,1,3,1.24390243902439,.414725112966441
101027,1,4,4,S,2,2,2,2,2, , , , , ,3,2,2,60,3,2,1,5,3.24390243902439,1.0815380396968
101028,1,27,2,R,2,2,2,2,2, , , , , ,3,2,1,85,4,2,1,99,1.14634146341463,.382197653125936
101031,1,26,2,R,2,2,2,2,2, , , , , ,1,2,1,61,5,2,1,4,1.75609756097561,.585494277129093
101035,1,29,2,R,2,2,2,2,2, , , , , ,3,2,2,81,3,2,1,99,1.46341463414634,.487911897607578
101050,1,39,2,R,1,2,2,2,2,1,1,2,2, ,1,2,1,55,3,2,1,6,2.63414634146341,.87824141569364
101051,1,34,1,S,1,2,2,2,2,2,2,2,2, ,3,2,1,65,5,2,1,7,1.68292682926829,.561098682248714
101054,1,4,4,S,1,2,1,1,2,1,1,2,2, ,1,2,1,59,6,2,1,8,1.4390243902439,.479780032647451
101064,1,48,3,S,1,2,2,1,2,1,2,2,2, ,1,2,1,51,4,2,1,7,2.4390243902439,.81318649601263
101066,1,39,2,S,1,2,2,2,2,1,2,2,2, ,3,2,1,80,6,2,1,5,1.24390243902439,.414725112966441
101070,1,26,2,S,1,2,1,2,2,2,2,2,2, ,3,2,2,62,4,2,1,7,1.78048780487805,.59362614208922
101072,1,26,2,S,1,1,2,1,2,2,1,4,4, ,2,2,1,65,6,2,1,7,1.24390243902439,.414725112966441
101073,1,4,4,U,1,2,2,2,2,2,2,2,2, ,3,1,2,50,4,2,1,1,2.31707317073171,.772527171211998
101074,1,27,2,S,1,1,1,2,1,2,2,2,2, ,3,2,2,74,8,2,1,6,1.36585365853659,.455384437767073
101075,1,55,2,U,1,1,2,2,2,2,2,2,2, ,3,2,2,75,3,2,1,2,1.46341463414634,.487911897607578
101077,1,42,1,R,2,2,2,2,2, , , , , ,3,2,2,82,3,2,1,4,2.87804878048781,.959560065294903
101080,1,6,4,U,1,2,1,1,2,1,2,2,2, ,1,2,2,64,6,2,1,8,1,.333406463365178
101081,1,36,1,S,1,2,2,1,1,1,1,2,1,4,3,1,1,27,4,1,2,1,4.1219512195122,1.37428517826134
101082,1,42,1,U,1,2,2,2,1,2,2,2,2, ,2,1,1,23,4,2,1,2,1.65853658536585,.552966817288588
101083,1,12,3,S,1,2,2,2,2,1,1,2,2, ,3,2,2,60,7,1,2,8,2.4390243902439,.81318649601263
101086,1,6,4,U,2,2,2,2,2, , , , , ,3,2,1,31,3,2,1,1,4.36585365853659,1.45560382786261
101090,1,53,4,U,2,1,2,1,2, , , , , ,3,2,2,57,6,2,1,5,2.60975609756098,.870109550733514
101094,1,8,4,S,1,1,1,1,1,1,2,2,2, ,1,2,2,48,4,2,1,7,4.1219512195122,1.37428517826134
101102,1,36,1,U,2,2,2,2,1, , , , , ,3,1,2,29,2,2,2,1,5.75609756097561,1.91912013058981
101104,1,6,4,S,1,2,1,1,1,1,2,1,1,3,1,1,1,38,8,2,3,8,1.4390243902439,.479780032647451
101105,1,8,4,U,2,2,2,2,2, , , , , ,3,2,1,72,8,2,9,99,1.90243902439024,.634285466889851
101108,1,4,4,S,1,2,1,1,2,1,1,2,2, ,1,2,2,50,6,2,1,99,1.46341463414634,.487911897607578
101115,1,16,4,U,1,2,2,1,2,2,2,2,2, ,2,2,1,64,4,2,1,8,1.29268292682927,.430988842886694
101118,1,16,4,S,1,2,2,2,2,2,1,2,2, ,1,1,1,41,6,2,1,3,1.07317073170732,.357802058245557
101122,1,49,4,S,1,2,2,2,2,2,2,2,2, ,1,1,2,54,6,2,9,6,3.24390243902439,1.0815380396968
101125,1,6,4,S,1,1,1,1,1,8,2,2,2, ,3,2,1,79,3,1,1,2,3.07317073170732,1.02461498497591
101150,1,47,3,R,1,2,2,2,2,2,1,2,2, ,3,2,1,76,3,2,1,6,2.31707317073171,.772527171211998
101153,1,47,3,U,1,2,2,2,1,1,1,2,2, ,3,1,2,24,4,2,2,3,2.26829268292683,.756263441291746
101154,1,47,3,S,1,2,2,2,2,8,9,9,9, ,3,2,1,82,8,2,1,6,1,.333406463365178
101159,1,47,3,S,1,2,2,2,2,2,2,2,2, ,3,2,2,64,3,2,1,1,3.41463414634146,1.13846109441768
101162,1,12,3,U,1,1,1,2,2,2,1,2,2, ,3,2,2,66,4,2,2,5,1.78048780487805,.59362614208922
101169,1,36,1,S,1,1,2,2,2,8,2,2,2, ,3,2,1,80,7,2,1,99,1.46341463414634,.487911897607578
101170,1,47,3,S,1,2,2,2,2,2,2,2,2, ,3,2,2,73,3,2,1,99,2.53658536585366,.845713955853135
101177,1,39,2,S,1,1,2,1,2,2,1,2,2, ,1,2,1,50,7,2,1,6,2.1219512195122,.707472251530988
101181,1,28,3,R,2,2,2,2,2, , , , , ,3,2,2,88,6,2,1,99,1,.333406463365178
101184,1,47,3,S,1,2,2,2,2,2,2,2,2, ,3,2,2,74,3,2,1,99,2.46341463414634,.821318360972756
101187,1,41,4,S,1,2,2,1,1,1,2,1,2, ,1,2,1,31,5,2,1,2,1.51219512195122,.50417562752783
101189,1,37,3,S,1,1,1,2,2,2,1,2,2, ,1,1,1,40,3,2,1,1,4.07317073170732,1.35802144834109
101193,1,48,3,R,1,2,1,2,2,1,1,2,2, ,2,2,2,21,4,1,1,3,2.80487804878049,.935164470414524
101194,1,48,3,S,1,2,2,2,2,1,2,2,2, ,3,2,2,73,4,2,1,5,1,.333406463365178
101199,1,51,3,U,1,2,2,2,2,2,2,2,2, ,3,2,2,65,3,2,2,3,2.48780487804878,.829450225932882
101211,1,40,3,S,1,2,2,2,2,2,2,2,2, ,1,2,1,64,2,2,1,5,1.58536585365854,.528571222408209
101213,1,6,4,S,1,2,2,2,2,2,2,2,2, ,3,2,2,72,3,2,1,4,2.53658536585366,.845713955853135
101215,1,42,1,S,2,1,1,1,2, , , , , ,1,2,2,24,3,2,2,1,2.14634146341463,.715604116491114
101217,1,17,2,S,1,2,2,2,2,2,1,2,2, ,3,2,1,67,3,2,1,3,1.75609756097561,.585494277129093
101227,1,6,4,U,1,2,2,2,2,2,2,2,2, ,3,2,1,85,4,2,1,1,2,.666812926730356
101228,1,6,4,S,1,2,2,2,2,2,1,1,2, ,3,2,2,69,2,2,1,99,2.04878048780488,.683076656650609
101234,1,6,4,U,1,1,2,1,1,2,1,2,1,1,1,1,2,55,5,2,1,5,1,.333406463365178
101238,1,29,2,S,1,2,2,2,2,2,2,2,2, ,3,2,1,74,4,2,1,4,1.31707317073171,.43912070784682
101247,1,32,4,U,2,2,2,2,2, , , , , ,1,2,1,43,3,2,2,9,3.70731707317073,1.2360434739392
101250,1,53,4,S,2,2,1,2,2, , , , , ,1,1,1,47,7,2,1,7,2.53658536585366,.845713955853135
101252,1,6,4,U,2,2,2,1,2, , , , , ,3,2,1,73,4,2,1,99,2.60975609756098,.870109550733514
101255,1,48,3,U,2,2,2,2,1, , , , , ,3,2,1,55,4,2,5,1,1.8780487804878,.626153601929725
101257,1,6,4,S,1,2,2,2,1,1,1,2,2, ,3,2,2,61,2,1,6,3,6.4390243902439,2.14681234947334
101259,1,17,2,S,1,2,2,2,2,2,2,2,2, ,1,2,1,99,4,2,1,5,2.41463414634146,.805054631052503
101261,1,53,4,S,1,2,1,2,1,1,2,1,2, ,1,2,2,29,5,2,3,2,5.87804878048781,1.95977945539044
101262,1,29,2,R,1,2,2,2,2,2,2,2,2, ,3,2,2,65,4,2,1,1,1.24390243902439,.414725112966441
101264,1,6,4,S,1,2,2,2,2,2,2,2,2, ,3,2,1,69,3,2,1,1,1.31707317073171,.43912070784682
101275,1,27,2,S,1,2,2,1,2,1,2,1,2, ,1,1,1,37,6,2,1,8,1.39024390243902,.463516302727199
101278,1,29,2,U,2,2,2,2,2, , , , , ,1,2,1,50,6,2,1,9,6.48780487804878,2.1630760793936
101285,1,48,3,U,1,1,1,2,1,1,2,2,2, ,2,2,1,67,8,2,1,7,2.04878048780488,.683076656650609
101292,1,53,4,S,1,2,2,2,2,2,2,2,2, ,2,2,2,62,8,2,1,4,1,.333406463365178
101295,1,6,4,S,1,2,2,2,2,2,2,2,2, ,3,2,2,81,4,2,1,3,1.53658536585366,.512307492487957
101301,1,6,4,U,1,2,2,2,1,2,2,2,2, ,2,1,1,44,5,2,1,6,1.97560975609756,.65868106177023
101305,1,32,4,U,1,1,1,1,2,2,2,2,2, ,3,2,1,59,4,2,1,1,1.29268292682927,.430988842886694
101314,1,41,4,S,1,2,2,2,2,8,2,2,2, ,1,2,1,59,4,2,1,6,1.68292682926829,.561098682248714
101315,1,41,4,R,1,2,2,1,2,2,2,2,2, ,2,2,1,63,4,2,1,3,1,.333406463365178
101320,1,6,4,U,1,2,1,1,1,2,2,2,2, ,1,2,1,43,8,2,1,5,1.68292682926829,.561098682248714
101321,1,53,4,R,1,2,2,2,1,1,2,2,2, ,2,2,1,72,5,2,1,3,1,.333406463365178
101327,1,6,4,S,1,1,1,2,2,2,2,2,2, ,3,2,2,75,6,2,1,2,1.14634146341463,.382197653125936
101331,1,6,4,S,1,1,2,2,2,2,1,2,2, ,3,2,1,71,6,2,1,5,2.17073170731707,.72373598145124
101336,1,6,4,U,2,2,2,1,2, , , , , ,3,2,2,18,4,1,1,99,6.07317073170732,2.02483437507145
101338,1,6,4,S,1,1,1,1,1,1,1,2,2, ,1,1,1,46,6,2,1,7,3.09756097560976,1.03274684993604
101341,1,53,4,S,1,2,2,1,1,1,1,2,2, ,1,1,2,20,4,1,9,4,2.36585365853659,.788790901132251
101346,1,23,1,R,1,2,1,1,1,1,1,2,1,1,3,2,2,60,8,2,1,99,1.02439024390244,.341538328325304
101348,1,51,3,R,1,2,2,2,2,2,2,2,2, ,1,2,2,77,4,2,1,6,1,.333406463365178
101351,1,26,2,S,1,1,2,2,2,2,1,2,2, ,3,1,2,58,2,2,1,3,1.65853658536585,.552966817288588
101355,1,18,2,R,1,2,2,1,2,1,1,2,2, ,1,2,2,58,4,2,1,3,1.41463414634146,.471648167687325
101359,1,9,1,S,1,1,1,1,2,1,2,2,2, ,3,1,2,35,6,2,1,6,3.24390243902439,1.0815380396968
101363,1,42,1,S,1,2,2,2,2,2,1,2,2, ,3,2,2,79,3,2,1,2,1.4390243902439,.479780032647451
101365,1,36,1,S,1,1,1,1,1,1,1,2,2, ,1,1,1,50,6,2,1,9,3.1219512195122,1.04087871489617
101367,1,47,3,R,2,2,2,2,1, , , , , ,1,1,1,48,3,2,1,99,4.80487804878049,1.60197739714488
101385,1,45,3,S,1,2,1,2,2,8,2,2,2, ,1,2,2,64,8,2,2,3,1.24390243902439,.414725112966441
101392,1,44,1,S,2,2,2,2,2, , , , , ,3,2,1,72,3,2,1,2,6.36585365853659,2.12241675459296
101407,1,42,1,U,1,2,2,2,2,2,1,2,2, ,3,2,2,62,3,2,2,4,3.5609756097561,1.18725228417844
101414,1,47,3,R,2,2,2,2,2, , , , , ,3,2,2,62,4,2,1,4,3.70731707317073,1.2360434739392
101419,1,19,2,S,1,2,2,2,2,2,1,2,2, ,1,2,1,66,5,2,1,7,1.70731707317073,.569230547208841
101422,1,21,3,S,1,1,2,2,1,1,1,2,2, ,1,1,2,31,4,2,1,99,1.97560975609756,.65868106177023
101439,1,55,2,R,1,1,1,1,1,1,1,2,2, ,1,1,1,44,8,2,1,6,1.29268292682927,.430988842886694
101440,1,42,1,S,1,2,1,2,1,2,1,2,2, ,1,1,1,35,3,2,1,4,4.1219512195122,1.37428517826134
101441,1,40,3,S,1,2,1,1,1,1,2,2,2, ,3,1,2,39,3,2,1,5,3.78048780487805,1.26043906881958
101446,1,27,2,S,1,2,2,2,2,2,2,2,2, ,3,2,2,67,6,2,1,5,1,.333406463365178
101447,1,28,3,S,1,2,2,2,2,1,2,2,2, ,3,2,2,60,5,2,2,3,1.17073170731707,.390329518086062
101448,1,47,3,R,1,2,2,2,2,2,2,2,2, ,3,1,1,66,3,2,1,2,3.02439024390244,1.00835125505566
101449,1,55,2,S,1,1,1,1,1,2,2,2,2, ,1,1,1,49,3,2,1,7,2.36585365853659,.788790901132251
101455,1,5,3,S,1,2,2,2,1,1,2,2,2, ,1,2,1,24,3,2,1,1,2.41463414634146,.805054631052503
101458,1,5,3,U,1,2,2,1,2,2,2,2,2, ,3,2,2,34,4,2,1,1,2.5609756097561,.853845820813261
101468,1,48,3,S,1,2,2,2,2,2,2,2,2, ,3,2,2,78,3,2,1,1,1.70731707317073,.569230547208841
101469,1,42,1,R,2,2,2,2,2, , , , , ,3,2,2,85,3,2,1,99,1.4390243902439,.479780032647451
101505,1,13,3,R,1,2,2,2,2,2,2,2,2, ,3,2,2,67,3,2,1,3,2.31707317073171,.772527171211998
101506,1,44,1,U,1,2,2,1,2,1,1,1,1,1,3,2,2,18,4,1,1,99,4.39024390243903,1.46373569282273
101507,1,18,2,R,2,2,2,2,2, , , , , ,3,2,1,56,9,2,1,1,2.31707317073171,.772527171211998
101508,1,25,1,S,1,1,1,2,1,1,1,1,1,1,2,1,2,44,7,2,1,8,2.21951219512195,.739999711371493
101510,1,47,3,R,2,2,2,2,2, , , , , ,3,2,2,76,3,2,1,1,2.21951219512195,.739999711371493
101511,1,24,3,U,1,2,2,1,1,1,2,1,1,4,2,2,2,24,6,2,3,8,3.65853658536585,1.21977974401894
101516,1,39,2,R,1,2,2,1,1,2,1,2,2, ,2,1,2,50,4,2,1,99,2.78048780487805,.927032605454398
101521,1,12,3,R,1,2,2,2,2,2,2,2,2, ,3,2,1,86,3,2,1,2,2.02439024390244,.674944791690483
101525,1,42,1,S,1,2,2,1,1,1,1,2,1,4,1,2,2,22,5,2,1,5,1.92682926829268,.642417331849977
101528,1,54,3,S,1,1,2,1,1,1,1,2,2, ,1,2,2,55,5,2,1,7,2.53658536585366,.845713955853135
101531,1,18,2,S,2,2,2,2,2, , , , , ,3,2,1,62,3,2,1,2,1.78048780487805,.59362614208922
101534,1,6,4,S,1,2,2,1,1,1,1,1,1,4,3,2,2,50,6,2,1,7,1,.333406463365178
101538,1,6,4,U,1,2,2,2,2,1,2,1,1,1,1,1,1,99,6,2,3,99,2.34146341463415,.780659036172124
101542,1,12,3,U,2,2,2,2,2, , , , , ,3,2,2,87,6,2,1,3,1.17073170731707,.390329518086062
101559,1,6,4,S,1,2,2,2,2,2,2,2,2, ,3,2,1,86,1,2,2,3,1.07317073170732,.357802058245557
101563,1,41,4,R,1,2,2,1,2,2,2,4,4, ,1,2,2,99,5,2,1,3,1,.333406463365178
101564,1,6,4,S,1,2,1,1,2,1,2,2,2, ,3,1,1,37,4,2,1,2,2.48780487804878,.829450225932882
101574,1,41,4,S,1,2,2,2,1,8,2,2,2, ,1,2,1,67,8,2,1,1,1,.333406463365178
101575,1,21,3,S,1,2,2,2,2,2,2,2,2, ,3,1,2,55,2,2,1,4,2.87804878048781,.959560065294903
101581,1,6,4,U,2,2,2,2,2, , , , , ,1,2,1,45,3,2,1,99,2.5609756097561,.853845820813261
101586,1,6,4,S,1,2,2,1,1,1,2,2,2, ,3,1,2,42,3,1,1,2,3.36585365853659,1.12219736449743
101590,1,18,2,S,1,2,2,1,1,1,2,1,1,1,1,1,1,25,3,2,1,4,2.19512195121951,.731867846411367
101592,1,6,4,S,1,1,1,1,2,1,2,2,2, ,1,1,1,58,8,9,9,9,1.4390243902439,.479780032647451
101603,1,18,2,R,1,2,2,2,1,1,2,2,2, ,2,1,1,35,1,1,6,3,5.51219512195122,1.83780148098854
101616,1,6,4,U,1,2,2,1,1,2,2,2,2, ,3,1,2,38,4,2,2,1,2.24390243902439,.748131576331619
101626,1,18,2,S,2,2,2,2,2, , , , , ,3,2,1,55,3,2,1,1,2.31707317073171,.772527171211998
101632,1,6,4,U,1,1,2,1,1,1,2,1,1,3,1,1,2,32,3,2,1,5,2.70731707317073,.902637010574019
101633,1,34,1,S,1,1,1,1,1,1,1,1,1,3,3,2,1,75,8,2,2,9,1,.333406463365178
101638,1,51,3,R,1,2,2,1,1,1,1,2,1,1,3,1,2,64,3,2,1,5,1.48780487804878,.496043762567704
101641,1,6,4,S,1,2,2,2,2,2,1,2,2, ,1,2,1,51,4,1,1,8,3.21951219512195,1.07340617473667
101645,1,12,3,S,1,1,2,1,2,1,1,2,2, ,3,2,1,78,7,2,1,9,1.41463414634146,.471648167687325
101649,1,45,3,S,1,2,2,2,2,2,1,2,2, ,2,2,1,89,4,2,1,99,1.29268292682927,.430988842886694
101654,1,6,4,R,2,2,2,2,2, , , , , ,3,2,1,69,3,2,1,99,1.70731707317073,.569230547208841
101658,1,32,4,S,2,2,2,1,1, , , , , ,3,2,2,19,4,2,2,99,4.14634146341463,1.38241704322147
101667,1,6,4,S,1,2,2,2,2,2,2,2,2, ,1,2,2,57,3,2,1,3,4.34146341463415,1.44747196290248
101669,1,6,4,S,1,2,1,1,1,1,2,1,1,1,1,1,1,34,5,2,1,6,2.19512195121951,.731867846411367
101670,1,25,1,S,2,2,2,2,2, , , , , ,3,2,1,60,3,2,1,6,5.17073170731707,1.72395537154677
101672,1,18,2,R,1,2,1,1,1,1,1,1,1,1,1,1,1,34,4,2,1,4,1.75609756097561,.585494277129093
101674,1,6,4,U,1,2,2,2,2,2,2,2,2, ,1,2,2,52,8,2,1,6,1.29268292682927,.430988842886694
101677,1,6,4,S,1,2,1,1,2,1,1,1,1,4,3,1,2,24,3,1,1,1,5.02439024390244,1.67516418178602
101679,1,53,4,S,1,1,1,1,1,1,1,1,2, ,2,2,2,65,3,2,1,6,2.48780487804878,.829450225932882
101683,1,53,4,S,1,2,2,2,2,8,2,2,2, ,3,2,2,77,2,2,1,99,1.39024390243902,.463516302727199
101684,1,21,3,S,1,2,2,1,2,1,2,1,1,1,1,1,1,40,5,2,1,99,2.31707317073171,.772527171211998
101685,1,41,4,U,1,2,2,1,2,1,2,2,2, ,2,2,1,53,3,2,1,6,4.29268292682927,1.43120823298223
101698,1,28,3,S,1,1,2,2,2,1,2,2,2, ,1,2,2,64,4,2,1,4,1.4390243902439,.479780032647451
101703,1,42,1,U,1,1,1,1,1,1,1,2,2, ,1,2,1,58,3,2,1,4,4.65853658536585,1.55318620738412
101708,1,25,1,U,2,2,2,2,2, , , , , ,3,2,2,73,3,2,1,2,3.65853658536585,1.21977974401894
101709,1,8,4,S,1,1,2,1,1,1,2,8,1,1,1,1,1,36,3,2,9,7,2.21951219512195,.739999711371493
101718,1,12,3,U,1,2,2,2,2,2,2,2,2, ,3,2,1,74,8,2,1,6,2.58536585365854,.861977685773387
101719,1,22,3,S,1,2,2,2,2,1,1,2,2, ,3,2,2,66,3,2,1,1,1.92682926829268,.642417331849977
101722,1,35,4,U,1,2,2,2,1,1,2,2,2, ,1,2,1,99,9,9,9,99,2.48780487804878,.829450225932882
101727,1,17,2,S,1,1,1,2,1,1,1,2,2, ,2,1,2,43,7,2,1,8,4.14634146341463,1.38241704322147
101728,1,17,2,S,1,1,1,1,1,1,1,2,2, ,1,1,1,48,8,2,1,9,3.17073170731707,1.05714244481642
101732,1,18,2,S,1,2,2,1,2,1,2,2,2, ,1,2,2,48,3,2,1,6,3.48780487804878,1.16285668929806
101735,1,12,3,S,1,2,2,2,2,2,2,2,2, ,3,2,2,65,9,2,1,2,3.58536585365854,1.19538414913857
101742,1,35,4,U,1,2,2,2,2,2,1,2,2, ,3,2,2,68,8,1,5,7,1.39024390243902,.463516302727199
101743,1,4,4,S,1,2,2,1,2,1,2,2,2, ,1,2,2,65,6,2,1,6,1,.333406463365178
101744,1,39,2,R,1,2,2,2,2,8,2,2,2, ,3,2,2,90,4,2,1,3,1.09756097560976,.365933923205683
101747,1,53,4,U,1,2,1,1,1,1,2,2,2, ,3,1,2,37,6,2,3,8,2.82926829268293,.94329633537465
101749,1,53,4,U,1,2,2,2,1,2,2,2,2, ,1,1,2,50,3,2,1,5,2.70731707317073,.902637010574019
101752,1,5,3,S,1,2,2,2,1,1,1,2,2, ,3,2,2,54,6,2,1,4,2.07317073170732,.691208521610735
101759,1,1,3,R,2,2,2,2,2, , , , , ,3,2,2,66,4,2,1,1,2.92682926829268,.975823795215156
101765,1,6,4,S,1,1,1,1,1,1,2,1,1,3,1,1,1,46,6,2,1,9,2.07317073170732,.691208521610735
101768,1,16,4,U,1,2,2,2,2,2,1,2,2, ,3,2,2,70,3,2,1,6,2.07317073170732,.691208521610735
101775,1,6,4,S,1,2,2,1,1,1,2,1,1,4,3,2,1,27,4,1,1,6,3.4390243902439,1.14659295937781
101777,1,22,3,R,1,2,2,2,2,2,2,2,4, ,3,1,2,64,3,2,2,4,2.34146341463415,.780659036172124
101781,1,53,4,U,1,1,1,1,1,1,1,2,2, ,2,2,2,66,5,2,1,7,1.82926829268293,.609889872009472
101783,1,4,4,U,1,2,2,2,2,2,2,2,2, ,3,2,2,67,8,2,1,7,1,.333406463365178
101784,1,41,4,U,1,1,2,1,2,1,2,2,2, ,1,2,2,63,8,2,1,99,1.31707317073171,.43912070784682
101788,1,17,2,S,1,1,2,1,1,1,2,1,1,2,1,1,1,25,4,2,1,6,2.24390243902439,.748131576331619
101789,1,30,4,R,2,2,2,2,2, , , , , ,3,2,1,60,4,2,1,3,2.65853658536585,.886373280653766
101797,1,48,3,U,1,2,2,2,2,1,1,2,2, ,1,2,1,62,6,2,2,5,1.4390243902439,.479780032647451
101798,1,18,2,S,1,1,1,1,1,1,2,2,2, ,3,2,2,47,3,2,1,99,4.17073170731707,1.3905489081816
101804,1,17,2,S,1,1,1,2,2,2,2,2,2, ,2,1,2,42,4,2,1,6,3.26829268292683,1.08966990465692
101807,1,4,4,U,1,2,1,1,2,2,2,2,2, ,3,2,1,71,6,2,1,9,1.19512195121951,.398461383046189
101810,1,26,2,R,1,2,2,2,2,2,2,2,2, ,3,2,2,75,3,2,1,3,1.1219512195122,.37406578816581
101821,1,47,3,U,1,2,2,1,2,2,1,2,2, ,1,2,2,99,7,2,9,6,1.31707317073171,.43912070784682
101832,1,17,2,S,2,2,2,2,2, , , , , ,3,2,2,64,6,2,1,3,2.09756097560976,.699340386570862
101833,1,55,2,R,1,2,2,2,2,1,2,1,2, ,1,2,1,48,3,2,1,8,3.09756097560976,1.03274684993604
101840,1,8,4,U,1,2,2,2,1,1,2,2,1,1,1,1,2,38,3,2,1,8,4.14634146341463,1.38241704322147
101844,1,35,4,S,1,1,2,1,2,1,2,2,1,1,1,2,2,47,8,2,1,8,1.46341463414634,.487911897607578
101854,1,49,4,S,1,1,1,1,1,1,1,1,1,1,3,1,2,27,5,2,1,7,4.58536585365854,1.52879061250374
101856,1,4,4,S,1,2,2,1,2,1,2,2,2, ,1,2,1,59,6,2,1,7,1.24390243902439,.414725112966441
101858,1,6,4,U,1,1,2,2,2,1,2,2,1,4,3,2,2,55,6,1,1,99,2.48780487804878,.829450225932882
101859,1,35,4,S,1,2,1,1,2,1,2,2,1,2,3,2,2,55,5,1,6,5,2.17073170731707,.72373598145124
101861,1,39,2,S,1,2,1,2,2,1,1,2,2, ,3,2,2,52,6,2,1,9,2.26829268292683,.756263441291746
101863,1,42,1,S,1,1,1,2,2,2,2,2,2, ,3,2,1,69,6,2,1,2,1.19512195121951,.398461383046189
101871,1,24,3,S,2,2,2,2,2, , , , , ,3,2,2,89,2,2,2,3,2.5609756097561,.853845820813261
101873,1,29,2,S,1,2,1,1,1,1,2,1,1,1,1,2,1,52,6,2,2,8,1.17073170731707,.390329518086062
101874,1,27,2,S,1,2,2,2,2,2,1,2,2, ,1,2,1,86,6,2,1,5,1.4390243902439,.479780032647451
101876,1,48,3,U,1,2,2,1,1,1,1,1,1,4,1,1,1,50,4,9,9,5,3.68292682926829,1.22791160897907
101882,1,26,2,S,1,2,2,2,2,1,2,2,2, ,1,2,2,56,3,2,1,8,4.41463414634146,1.47186755778286
101888,1,6,4,U,1,2,2,1,1,2,2,2,2, ,1,1,1,45,3,2,1,4,5.39024390243903,1.79714215618791
101890,1,35,4,S,2,2,2,2,2, , , , , ,3,2,1,51,4,2,1,1,1.80487804878049,.601758007049346
101892,1,39,2,U,1,2,2,2,2,2,2,2,2, ,3,2,2,62,6,2,1,3,1.90243902439024,.634285466889851
101897,1,26,2,R,1,2,2,2,2,2,2,2,2, ,3,2,1,71,4,2,1,5,1,.333406463365178
101906,1,17,2,S,1,2,2,2,2,2,1,2,3, ,3,1,2,47,2,2,1,2,6.09756097560976,2.03296624003157
101912,1,6,4,S,1,2,2,2,2,8,2,2,2, ,3,2,1,43,4,1,1,1,3.82926829268293,1.27670279873983
101916,1,42,1,S,1,2,1,2,2,8,2,2,2, ,3,2,1,76,2,2,1,5,2.48780487804878,.829450225932882
101926,1,6,4,R,1,2,2,2,2,1,2,2,2, ,3,2,1,55,3,2,1,2,1.34146341463415,.447252572806946
101931,1,48,3,S,1,1,1,1,2,1,2,1,1,3,3,2,1,73,8,2,3,6,1.80487804878049,.601758007049346
101932,1,13,3,U,1,2,2,2,2,2,2,2,2, ,3,2,2,50,3,2,2,1,6.09756097560976,2.03296624003157
101944,1,12,3,S,1,2,2,2,2,2,1,2,2, ,3,2,1,67,8,2,1,8,2.58536585365854,.861977685773387
101947,1,6,4,S,1,2,1,2,2,2,2,2,2, ,3,2,1,90,8,2,1,8,1,.333406463365178
101960,1,27,2,S,1,1,1,1,1,1,2,2,2, ,1,1,2,38,6,2,1,8,2.31707317073171,.772527171211998
101963,1,53,4,R,2,2,2,2,2, , , , , ,3,2,1,60,4,2,1,8,2.26829268292683,.756263441291746
101965,1,6,4,U,1,1,1,1,1,1,2,1,1,4,1,1,2,41,6,2,1,8,4.04878048780488,1.34988958338097
101974,1,36,1,S,1,2,2,1,1,1,1,2,2, ,2,2,2,46,6,2,1,8,1.8780487804878,.626153601929725
101976,1,42,1,S,1,2,2,1,1,2,1,2,2, ,3,2,2,54,6,2,1,7,2.24390243902439,.748131576331619
101979,1,51,3,R,1,2,2,1,2,2,1,2,2, ,2,2,2,58,8,2,1,7,1.41463414634146,.471648167687325
101980,1,21,3,S,2,2,2,2,2, , , , , ,3,2,1,54,3,2,1,2,7.14634146341463,2.382636433317
101981,1,12,3,S,1,1,1,2,1,2,2,2,2, ,1,2,2,46,3,2,2,3,3.41463414634146,1.13846109441768
101986,1,21,3,S,1,2,2,2,2,1,2,2,2, ,3,2,2,67,6,2,1,6,1.34146341463415,.447252572806946
101991,1,36,1,U,1,2,2,1,2,8,1,2,2, ,2,1,2,59,4,2,2,5,2.63414634146341,.87824141569364
101992,1,24,3,U,1,1,1,1,1,1,1,2,2, ,1,2,2,62,8,2,1,8,2.63414634146341,.87824141569364
101999,1,42,1,S,1,1,2,1,2,2,1,2,2, ,3,2,1,71,8,2,1,99,1,.333406463365178
102003,1,51,3,S,1,1,1,1,1,1,1,2,2, ,1,1,2,38,8,2,1,6,2.68292682926829,.894505145613893
102007,1,21,3,U,1,2,2,2,2,2,1,2,2, ,3,2,2,66,4,2,1,8,2.65853658536585,.886373280653766
102020,1,39,2,S,1,2,2,2,2,8,2,2,2, ,3,2,2,78,4,2,1,4,2.29268292682927,.764395306251872
102021,1,42,1,S,1,2,2,2,2,2,2,2,2, ,3,2,1,76,6,2,1,99,2.60975609756098,.870109550733514
102031,1,37,3,R,2,2,2,2,2, , , , , ,3,2,2,82,2,2,1,1,2.21951219512195,.739999711371493
102034,1,42,1,U,1,2,2,1,1,1,1,2,2, ,3,2,2,57,4,2,1,99,2.5609756097561,.853845820813261
102038,1,13,3,S,1,2,2,2,1,1,1,1,1,1,1,2,2,26,3,2,2,3,4.07317073170732,1.35802144834109
102041,1,36,1,U,2,2,2,2,2, , , , , ,3,2,1,80,4,2,2,99,2.14634146341463,.715604116491114
102058,1,37,3,S,1,2,2,2,2,2,2,2,2, ,2,2,2,49,4,2,1,6,4.07317073170732,1.35802144834109
102059,1,13,3,R,1,2,2,2,2,2,2,2,2, ,1,2,2,60,3,2,1,6,3.41463414634146,1.13846109441768
102074,1,1,3,R,2,2,2,2,2, , , , , ,1,2,1,54,5,2,1,99,2.78048780487805,.927032605454398
102076,1,48,3,R,1,2,2,2,2,8,2,2,2, ,3,2,2,72,3,2,1,2,1.29268292682927,.430988842886694
102079,1,36,1,S,1,2,1,1,1,1,2,2,2, ,1,1,2,48,8,2,1,99,1.8780487804878,.626153601929725
102086,1,21,3,R,1,2,2,2,1,1,1,1,2, ,2,2,2,60,8,2,1,6,1,.333406463365178
102088,1,23,1,U,2,1,1,2,2, , , , , ,3,2,1,82,3,2,5,2,4.80487804878049,1.60197739714488
102090,1,22,3,U,1,2,2,1,1,2,1,2,2, ,3,1,2,31,4,2,2,1,3,1.00021939009553
102096,1,42,1,S,1,1,1,2,2,2,2,2,2, ,3,2,2,82,4,2,1,9,2.26829268292683,.756263441291746
102105,1,34,1,S,1,2,1,1,1,1,1,1,1,1,1,2,1,32,5,2,1,9,2.26829268292683,.756263441291746
102111,1,51,3,S,1,2,1,2,2,1,2,2,2, ,1,2,2,62,8,2,1,8,2.78048780487805,.927032605454398
102121,1,47,3,S,1,2,2,2,2,2,2,2,2, ,3,2,2,80,2,2,1,5,1.70731707317073,.569230547208841
102125,1,36,1,S,1,1,1,1,1,1,2,2,2, ,1,1,2,38,8,2,1,8,2.21951219512195,.739999711371493
102128,1,21,3,R,1,2,2,2,2,2,1,2,2, ,3,2,2,38,3,2,1,6,3.78048780487805,1.26043906881958
102130,1,13,3,S,1,2,2,2,1,1,1,1,1,1,2,1,2,22,4,2,2,3,2.85365853658537,.951428200334777
102133,1,34,1,S,1,2,2,2,2,2,2,2,2, ,3,1,2,61,4,2,2,2,1.4390243902439,.479780032647451
102138,1,48,3,U,1,2,2,2,2,1,1,1,1,1,3,2,2,64,4,2,1,99,2.1219512195122,.707472251530988
102157,1,34,1,S,1,2,2,2,2,8,1,2,2, ,1,1,2,99,8,2,3,99,2.65853658536585,.886373280653766
102161,1,39,2,S,1,1,1,2,1,2,2,2,2, ,1,1,2,49,6,2,1,9,1.90243902439024,.634285466889851
102162,1,51,3,S,1,2,1,2,1,1,1,1,1,3,3,1,2,33,3,1,6,2,6.36585365853659,2.12241675459296
102166,1,39,2,S,1,2,2,2,2,2,1,2,2, ,1,2,1,61,8,2,1,4,1.51219512195122,.50417562752783
102185,1,48,3,U,1,2,2,2,2,2,2,2,4, ,3,2,2,52,3,1,6,6,6.34146341463415,2.11428488963284
102186,1,55,2,S,1,1,1,1,2,1,2,2,2, ,1,2,1,73,8,2,1,9,2.21951219512195,.739999711371493
102216,1,13,3,R,1,1,1,2,2,1,2,1,1,1,1,2,2,56,6,2,1,7,1.85365853658537,.618021736969599
102225,1,36,1,S,1,2,2,2,2,2,2,2,2, ,3,2,2,63,5,2,1,6,1.75609756097561,.585494277129093
102229,1,24,3,S,1,1,2,2,2,8,2,2,2, ,3,2,1,76,2,2,1,2,2.02439024390244,.674944791690483
102230,1,51,3,S,1,1,1,1,1,1,2,1,2, ,3,1,2,48,3,2,2,7,3.41463414634146,1.13846109441768
102233,1,36,1,U,1,2,2,2,1,1,2,2,2, ,1,1,2,31,2,1,6,1,7.14634146341463,2.382636433317
102245,1,37,3,S,2,2,2,2,1, , , , , ,1,2,1,28,5,2,1,99,4.65853658536585,1.55318620738412
102261,1,42,1,U,1,2,2,1,1,2,2,2,2, ,1,2,1,51,5,2,1,99,3.21951219512195,1.07340617473667
102289,1,53,4,S,1,2,1,1,1,1,2,1,1,1,1,1,1,99,5,2,1,6,2.82926829268293,.94329633537465
102300,1,1,3,S,1,2,2,1,1,1,2,2,2, ,1,1,1,32,3,2,1,7,3.29268292682927,1.09780176961705
102302,1,6,4,S,1,2,1,1,1,1,2,2,2, ,3,2,2,22,6,2,3,8,3.09756097560976,1.03274684993604
102304,1,53,4,S,2,2,2,1,1, , , , , ,3,2,2,21,3,2,1,2,3.63414634146342,1.21164787905882
102310,1,48,3,U,1,2,2,2,2,8,1,2,2, ,3,2,2,59,3,2,1,4,2.87804878048781,.959560065294903
102313,1,53,4,U,1,1,2,2,2,2,2,2,2, ,1,2,1,78,6,2,1,6,1,.333406463365178
102319,1,6,4,U,1,2,2,1,1,1,1,1,1,4,2,1,2,50,5,2,1,2,4.26829268292683,1.4230763680221
102326,1,5,3,U,1,2,1,2,2,1,2,2,2, ,3,2,2,70,6,2,1,99,1.36585365853659,.455384437767073
102330,1,55,2,S,1,2,2,2,2,2,2,2,2, ,1,2,2,58,3,2,1,1,1.63414634146341,.544834952328462
102332,1,55,2,S,1,2,2,2,2,2,2,2,2, ,3,2,2,77,7,2,1,99,1,.333406463365178
102337,1,29,2,R,1,1,2,2,1,2,1,2,2, ,1,2,2,62,3,2,1,4,1.90243902439024,.634285466889851
102343,1,47,3,S,1,2,2,1,1,2,1,4,2, ,3,1,2,42,3,2,1,7,4.51219512195122,1.50439501762336
102365,1,6,4,U,1,2,2,2,2,2,2,2,2, ,1,2,2,62,6,2,1,6,1,.333406463365178
102367,1,6,4,U,1,2,2,2,2,1,2,2,2, ,1,2,1,56,4,2,2,7,1.26829268292683,.422856977926567
102368,1,6,4,S,1,2,2,2,2,8,2,2,2, ,1,2,2,55,6,2,2,7,1.92682926829268,.642417331849977
102377,1,53,4,S,1,2,2,1,1,1,2,2,2, ,2,1,2,21,2,2,1,1,1.75609756097561,.585494277129093
102383,1,6,4,S,1,2,2,2,1,1,2,2,2, ,1,2,2,56,5,1,1,4,3.36585365853659,1.12219736449743
200003,2,37,3,U, ,2,2,2,2,1,1,1,1,1,2,2,2,23,3,2,2,3,3.97560975609756,1.32549398850059
200008,2,18,2,S, ,1,1,1,1,1,1,2,1,4,1,1,1,36,6,2,1,7,1.39024390243902,.463516302727199
200019,2,18,2,S, ,1,1,2,2,2,2,2,2, ,3,2,1,77,6,2,1,99,1.21951219512195,.406593248006315
200021,2,42,1,U, ,2,2,1,1,1,2,1,2, ,3,2,1,19,3,2,1,99,2.92682926829268,.975823795215156
200027,2,26,2,S, ,1,2,1,2,2,2,2,1,1,1,2,2,55,3,2,1,6,3.87804878048781,1.29296652866008
200034,2,33,1,U, ,2,1,2,2,8,1,1,1,2,1,2,1,67,8,2,2,9,1,.333406463365178
200038,2,37,3,S, ,2,1,1,1,1,1,1,2, ,1,1,1,48,3,2,1,9,3.58536585365854,1.19538414913857
200042,2,12,3,U, ,2,2,1,2,1,2,1,1,4,3,1,1,49,3,2,1,4,7.14634146341463,2.382636433317
200048,2,39,2,R, ,1,1,1,1,2,2,2,2, ,2,1,1,35,3,2,1,1,2.70731707317073,.902637010574019
200055,2,34,1,S, ,2,1,1,2,1,1,2,1,1,3,1,2,37,8,2,1,99,4.07317073170732,1.35802144834109
200058,2,48,3,U, ,2,1,2,2,2,2,2,2, ,1,1,1,34,8,2,3,7,4.19512195121951,1.39868077314172
200059,2,5,3,S, ,2,2,1,1,1,2,1,1,1,3,2,1,18,2,2,1,6,3.26829268292683,1.08966990465692
200062,2,37,3,U, ,1,1,1,2,1,2,2,1,1,1,2,2,58,8,2,1,9,2.19512195121951,.731867846411367
200073,2,21,3,S, ,2,2,2,2,1,2,2,2, ,1,2,1,50,3,2,1,6,4.41463414634146,1.47186755778286
200077,2,48,3,R, ,1,2,2,2,2,2,2,2, ,1,2,1,77,4,2,5,5,2.60975609756098,.870109550733514
200078,2,12,3,S, ,2,2,2,1,2,1,2,2, ,3,2,1,55,2,2,1,1,4.80487804878049,1.60197739714488
200079,2,28,3,R, ,2,2,2,1,1,1,2,2, ,1,1,1,38,2,2,1,7,4.21951219512195,1.40681263810185
200087,2,34,1,S, ,2,2,2,2,1,2,1,1,3,1,2,1,30,8,2,3,6,5.34146341463415,1.78087842626766
200089,2,20,2,R, ,2,2,2,2,2,1,2,2, ,3,2,2,63,3,2,1,5,1.90243902439024,.634285466889851
200095,2,39,2,S, ,2,2,1,1,2,2,2,2, ,3,2,1,22,4,2,1,7,1.65853658536585,.552966817288588
200096,2,47,3,R, ,2,2,2,2,8,2,2,2, ,3,2,1,60,3,2,2,2,3.09756097560976,1.03274684993604
200097,2,36,1,S, ,2,2,2,2,2,1,2,2, ,3,2,1,51,5,2,1,3,4.34146341463415,1.44747196290248
200106,2,45,3,S, ,1,1,1,2,2,2,2,2, ,3,2,2,63,4,2,1,4,2.1219512195122,.707472251530988
200118,2,18,2,U, ,1,1,1,1,1,1,1,1,4,1,1,2,40,8,2,1,6,6.68292682926829,2.22813099907461
200119,2,13,3,S, ,2,2,2,1,2,1,2,2, ,3,1,2,27,4,2,2,1,3,1.00021939009553
200124,2,5,3,U, ,2,2,1,1,1,2,1,2, ,2,2,1,24,4,2,1,2,2.58536585365854,.861977685773387
200139,2,47,3,U, ,2,2,1,2,2,1,2,2, ,3,2,1,40,8,2,1,4,3.75609756097561,1.25230720385945
200140,2,55,2,S, ,2,1,2,2,8,2,2,2, ,3,2,2,69,4,2,1,99,1.24390243902439,.414725112966441
200144,2,17,2,S, ,1,1,1,1,1,1,2,2, ,1,1,1,38,8,2,1,8,1.39024390243902,.463516302727199
200145,2,42,1,S, ,2,1,1,2,2,2,2,2, ,3,2,1,68,8,2,1,4,1.92682926829268,.642417331849977
200146,2,28,3,R, ,1,1,1,1,1,1,1,1,1,1,2,2,99,3,2,1,99,2.19512195121951,.731867846411367
200150,2,37,3,S, ,2,2,2,1,2,2,2,1,2,1,1,1,47,2,2,1,1,4.41463414634146,1.47186755778286
200157,2,36,1,R, ,2,2,2,2,8,2,2,2, ,1,2,2,58,4,2,1,7,2.24390243902439,.748131576331619
200158,2,34,1,S, ,1,2,1,2,1,1,1,1,2,1,2,1,55,5,2,1,8,4.90243902439024,1.63450485698539
200165,2,55,2,R, ,1,1,2,1,1,2,2,2, ,1,1,1,45,6,2,1,6,1.82926829268293,.609889872009472
200173,2,37,3,U, ,2,2,2,2,1,1,1,1,4,1,2,1,43,3,2,2,4,4.39024390243903,1.46373569282273
200176,2,36,1,U, ,1,1,1,2,8,1,2,2, ,1,1,1,41,8,2,3,4,2.68292682926829,.894505145613893
200178,2,17,2,U, ,1,1,1,1,1,1,1,1,1,3,1,2,35,8,2,3,7,4.4390243902439,1.47999942274299
200179,2,21,3,S, ,1,1,1,1,1,1,1,1,4,1,1,2,36,2,2,1,3,6.07317073170732,2.02483437507145
200189,2,4,4,S, ,2,2,2,1,2,1,2,2, ,1,1,1,59,6,2,1,7,1.53658536585366,.512307492487957
200195,2,35,4,R, ,2,2,1,1,2,2,2,2, ,1,1,1,39,3,2,1,5,3.5609756097561,1.18725228417844
200198,2,49,4,S, ,2,1,1,1,1,1,2,2, ,3,2,2,69,8,2,1,99,1.95121951219512,.650549196810104
200200,2,9,1,S, ,1,1,1,2,1,1,2,2, ,3,1,2,64,4,2,1,7,2.5609756097561,.853845820813261
200204,2,4,4,U, ,2,2,1,1,1,2,1,1,1,1,1,2,39,6,1,6,4,2.39024390243902,.796922766092377
200213,2,12,3,R, ,2,2,1,2,1,1,1,1,4,2,2,2,19,4,2,1,6,3.29268292682927,1.09780176961705
200219,2,8,4,U, ,1,2,2,2,2,1,2,2, ,2,2,2,48,3,2,1,4,2.70731707317073,.902637010574019
200220,2,12,3,U, ,1,1,1,1,1,1,1,2, ,3,1,2,34,4,2,1,2,7.14634146341463,2.382636433317
200221,2,48,3,R, ,1,2,1,2,1,1,2,2, ,2,2,2,20,4,2,1,4,1.78048780487805,.59362614208922
200223,2,38,2,U, ,1,1,1,1,1,2,2,2, ,1,1,1,31,6,2,1,6,2.92682926829268,.975823795215156
200233,2,17,2,U, ,2,2,1,2,1,1,2,1,8,1,2,1,26,6,2,1,8,6.85365853658537,2.28505405379549
200235,2,48,3,S, ,2,2,2,2,2,2,2,2, ,1,2,1,63,8,2,1,8,1.41463414634146,.471648167687325
200256,2,53,4,S, ,2,2,1,2,2,1,2,2, ,1,2,2,56,7,2,1,2,3,1.00021939009553
200268,2,5,3,U, ,2,1,1,1,2,2,2,2, ,3,2,1,20,4,2,1,6,1.90243902439024,.634285466889851
200286,2,12,3,U, ,2,2,2,2,1,2,1,2, ,1,2,1,59,5,2,1,3,5.78048780487805,1.92725199554993
200294,2,51,3,U, ,1,1,2,1,1,1,2,2, ,1,1,2,37,8,2,1,7,3.80487804878049,1.2685709337797
200298,2,12,3,S, ,2,2,2,2,2,1,2,2, ,1,2,1,25,4,2,1,2,4.19512195121951,1.39868077314172
200299,2,42,1,R, ,2,1,2,1,1,1,2,1,1,1,1,2,44,5,2,1,6,5.19512195121951,1.7320872365069
200306,2,49,4,S, ,2,2,2,1,1,2,1,1,1,1,2,1,24,3,1,6,3,6.14634146341463,2.04922996995183
200309,2,28,3,R, ,1,1,1,2,1,1,1,2, ,3,2,2,18,4,2,1,7,1.78048780487805,.59362614208922
200310,2,8,4,S, ,2,2,2,2,2,1,2,2, ,1,2,1,53,8,2,1,4,2.29268292682927,.764395306251872
200311,2,26,2,S, ,2,1,1,1,1,1,2,2, ,1,2,1,37,4,2,1,7,6,2.00043878019107
200320,2,29,2,S, ,2,2,1,1,1,1,2,2, ,1,1,2,40,4,2,2,3,7.14634146341463,2.382636433317
200327,2,41,4,S, ,2,2,2,2,1,1,2,1,1,2,1,1,34,3,1,1,7,7.04878048780488,2.3501089734765
200335,2,18,2,U, ,2,2,2,1,1,1,2,1,1,1,1,2,23,3,2,4,3,5.65853658536585,1.8865926707493
200339,2,37,3,U, ,2,2,2,2,2,1,2,2, ,3,2,2,64,7,2,1,1,1.85365853658537,.618021736969599
200350,2,47,3,R, ,1,1,1,1,2,1,1,1,4,1,2,1,56,3,2,1,5,2.80487804878049,.935164470414524
200354,2,27,2,S, ,2,1,1,1,1,1,2,1,1,1,2,2,32,8,2,1,8,3.31707317073171,1.10593363457718
200359,2,6,4,S, ,1,1,2,1,8,2,2,2, ,1,1,2,48,6,2,1,7,1.46341463414634,.487911897607578
200364,2,48,3,S, ,1,1,2,1,1,1,1,1,3,3,1,2,34,3,2,1,7,6.70731707317073,2.23626286403473
200367,2,42,1,S, ,2,2,2,2,2,1,2,2, ,3,2,2,74,3,2,1,2,1.4390243902439,.479780032647451
200368,2,4,4,R, ,2,1,1,1,1,2,1,1,1,1,2,1,32,6,1,1,6,4.51219512195122,1.50439501762336
200377,2,49,4,S, ,2,2,1,2,1,1,2,2, ,1,1,2,52,8,2,1,8,4.39024390243903,1.46373569282273
200388,2,37,3,U, ,2,1,1,1,1,2,1,2, ,3,1,2,28,6,2,1,7,6.19512195121951,2.06549369987208
200393,2,51,3,S, ,2,2,1,1,1,1,1,1,4,3,1,2,36,6,2,2,7,5.02439024390244,1.67516418178602
200397,2,37,3,S, ,2,2,2,2,2,2,2,2, ,3,2,2,64,2,2,2,2,3.78048780487805,1.26043906881958
200398,2,42,1,U, ,2,2,2,2,2,1,2,2, ,1,2,1,47,6,2,1,7,4.21951219512195,1.40681263810185
200414,2,18,2,U, ,2,2,2,2,2,2,2,1,8,2,2,2,71,2,2,1,1,2.63414634146341,.87824141569364
200417,2,36,1,U, ,1,2,2,1,1,1,1,1,1,1,2,1,25,8,2,3,6,7.14634146341463,2.382636433317
200418,2,24,3,U, ,2,2,2,2,2,2,2,2, ,2,2,1,55,3,2,2,1,4.04878048780488,1.34988958338097
200419,2,37,3,S, ,2,2,1,1,1,1,1,2, ,2,2,1,21,3,2,1,8,3.26829268292683,1.08966990465692
200430,2,42,1,U, ,2,2,2,2,2,2,2,2, ,3,2,1,57,3,2,2,1,6.14634146341463,2.04922996995183
200438,2,39,2,S, ,2,2,1,2,2,2,2,2, ,1,1,1,36,8,2,1,8,3.24390243902439,1.0815380396968
200443,2,37,3,S, ,2,2,2,1,1,1,1,1,8,2,2,1,25,3,2,1,3,4.07317073170732,1.35802144834109
200444,2,26,2,R, ,2,2,2,2,2,1,8,8, ,1,1,1,41,3,2,1,6,3.63414634146342,1.21164787905882
200450,2,12,3,U, ,2,1,1,1,1,2,1,1,4,1,2,1,22,5,1,1,3,5.87804878048781,1.95977945539044
200455,2,36,1,U, ,2,2,2,2,2,2,2,2, ,3,2,2,50,4,2,9,99,7.14634146341463,2.382636433317
200458,2,13,3,S, ,2,1,1,2,2,2,2,2, ,2,2,1,42,3,2,2,5,4.73170731707317,1.5775818022645
200464,2,39,2,S, ,1,1,1,2,2,1,2,2, ,1,2,2,59,8,2,1,99,1.31707317073171,.43912070784682
200472,2,45,3,U, ,2,2,1,2,1,2,2,2, ,3,1,1,31,3,2,2,3,1.78048780487805,.59362614208922
200480,2,39,2,U, ,2,2,2,2,2,2,2,2, ,1,2,1,56,3,2,1,8,3.26829268292683,1.08966990465692
200481,2,12,3,S, ,1,1,1,2,1,1,2,2, ,3,2,1,68,4,2,1,4,2.29268292682927,.764395306251872
200496,2,37,3,R, ,2,2,2,2,2,2,2,2, ,2,1,1,49,7,2,2,6,1.41463414634146,.471648167687325
200514,2,13,3,S, ,2,2,2,2,1,2,2,2, ,1,1,2,35,8,2,1,6,6.14634146341463,2.04922996995183
200534,2,1,3,R, ,2,2,2,2,8,2,2,2, ,3,2,2,69,2,2,2,1,1.07317073170732,.357802058245557
200538,2,48,3,S, ,1,1,2,2,1,1,2,2, ,3,2,2,64,8,2,1,9,2.78048780487805,.927032605454398
200545,2,48,3,S, ,2,2,2,1,1,2,2,2, ,3,1,2,63,5,2,2,3,1.68292682926829,.561098682248714
200546,2,6,4,S, ,1,2,1,2,1,1,1,1,3,1,2,1,54,8,2,1,8,2.60975609756098,.870109550733514
200572,2,26,2,S, ,2,1,1,1,1,1,1,1,3,1,2,1,27,8,2,3,2,5.82926829268293,1.94351572547018
200578,2,29,2,R, ,2,2,2,2,2,2,2,2, ,3,1,2,41,2,2,1,2,2.19512195121951,.731867846411367
200589,2,6,4,S, ,2,2,2,1,2,2,2,2, ,3,2,2,73,3,2,1,4,1.95121951219512,.650549196810104
200590,2,53,4,S, ,1,1,1,1,2,1,2,2, ,1,1,1,35,4,2,1,3,4.1219512195122,1.37428517826134
200592,2,6,4,U, ,2,2,1,1,1,1,2,2, ,1,1,2,35,3,1,2,6,7.14634146341463,2.382636433317
200605,2,53,4,U, ,2,1,1,2,2,2,2,2, ,2,2,2,72,8,2,5,4,1.53658536585366,.512307492487957
200609,2,47,3,S, ,2,2,1,1,1,2,1,1,4,2,2,1,18,4,2,1,8,1.95121951219512,.650549196810104
200618,2,55,2,S, ,2,1,2,2,1,1,2,2, ,3,2,1,21,6,2,3,8,2.53658536585366,.845713955853135
200636,2,29,2,R, ,2,2,1,1,2,1,1,1,1,1,2,2,51,3,2,1,5,2.75609756097561,.918900740494271
200637,2,53,4,S, ,1,1,1,1,1,1,1,1,1,2,1,2,32,4,1,2,1,7.14634146341463,2.382636433317
200655,2,55,2,S, ,2,2,2,2,2,2,2,2, ,1,2,1,52,4,2,1,6,3.19512195121951,1.06527430977654
200663,2,48,3,S, ,1,1,1,1,1,1,1,2, ,1,2,1,52,3,2,1,8,5.60975609756098,1.87032894082905
200664,2,17,2,U, ,1,1,1,2,1,1,1,1,1,9,1,2,99,6,2,4,99,4.14634146341463,1.38241704322147
200666,2,27,2,S, ,2,2,2,2,2,2,2,2, ,3,2,2,49,3,2,2,1,2.68292682926829,.894505145613893
200673,2,21,3,R, ,1,9,1,2,1,2,2,1,1,3,2,2,53,6,1,1,1,4.39024390243903,1.46373569282273
200675,2,41,4,R, ,2,2,2,2,2,1,2,2, ,1,2,1,65,3,2,1,6,1.31707317073171,.43912070784682
200676,2,6,4,S, ,1,2,2,2,2,2,4,4, ,3,2,1,77,4,2,1,4,1.65853658536585,.552966817288588
200681,2,8,4,S, ,2,2,1,2,1,2,2,2, ,3,2,2,54,8,2,1,9,1.8780487804878,.626153601929725
200683,2,8,4,S, ,2,2,2,2,2,1,2,2, ,3,2,1,79,8,2,1,3,1.19512195121951,.398461383046189
200686,2,49,4,R, ,2,1,1,1,2,2,2,2, ,3,2,2,67,5,2,1,1,1.21951219512195,.406593248006315
200696,2,48,3,S, ,1,1,1,1,1,1,1,1,3,1,1,1,27,8,2,2,4,6.48780487804878,2.1630760793936
200697,2,29,2,U, ,2,2,1,1,2,1,2,2, ,1,2,1,60,4,2,1,6,2.78048780487805,.927032605454398
200700,2,29,2,R, ,1,1,2,1,2,1,2,2, ,3,2,1,37,3,2,1,6,3.63414634146342,1.21164787905882
200717,2,17,2,U, ,2,2,2,1,1,2,1,1,1,1,2,1,27,3,2,1,6,3.4390243902439,1.14659295937781
200718,2,22,3,U, ,2,2,2,2,2,2,2,2, ,2,2,2,52,2,2,2,1,7.14634146341463,2.382636433317
200719,2,17,2,U, ,1,1,1,1,1,1,2,1,1,3,1,2,32,3,2,1,4,7.14634146341463,2.382636433317
200730,2,37,3,U, ,2,2,2,1,2,2,2,2, ,3,2,2,58,6,2,1,5,2.19512195121951,.731867846411367
200738,2,48,3,U, ,2,1,2,2,1,2,2,2, ,1,2,1,45,6,2,1,4,2.78048780487805,.927032605454398
200739,2,1,3,R, ,2,2,2,2,2,2,2,2, ,3,1,2,99,3,2,1,5,2.19512195121951,.731867846411367
200742,2,30,4,R, ,2,2,1,1,2,2,2,2, ,3,1,1,34,8,2,1,2,2.87804878048781,.959560065294903
200743,2,6,4,U, ,2,2,2,2,2,2,4,2, ,3,2,1,50,3,2,4,1,2.48780487804878,.829450225932882
200749,2,17,2,U, ,2,2,2,1,1,1,2,2, ,1,1,2,25,1,2,1,2,3.60975609756098,1.20351601409869
200754,2,22,3,S, ,2,2,2,2,1,2,2,2, ,1,1,1,47,6,2,1,9,1.31707317073171,.43912070784682
200758,2,8,4,S, ,2,2,1,2,1,2,1,1,4,1,2,1,36,6,2,1,8,1.60975609756098,.536703087368336
200759,2,19,2,U, ,1,2,1,2,1,2,1,1,4,3,2,2,70,4,2,1,4,2.60975609756098,.870109550733514
200761,2,48,3,U, ,2,2,2,1,1,2,2,2, ,1,1,1,48,3,2,1,4,7.14634146341463,2.382636433317
200765,2,53,4,R, ,2,2,1,2,2,1,2,2, ,2,2,1,21,4,2,1,4,1.70731707317073,.569230547208841
200768,2,6,4,U, ,2,2,2,1,1,1,1,1,2,1,2,1,23,3,1,1,3,7.14634146341463,2.382636433317
200771,2,28,3,R, ,2,2,2,2,1,2,2,2, ,1,1,1,60,3,2,2,2,2.29268292682927,.764395306251872
200772,2,41,4,S, ,2,2,1,1,2,1,2,2, ,3,1,2,27,5,2,2,2,1.78048780487805,.59362614208922
200790,2,6,4,S, ,2,2,1,2,1,2,2,2, ,3,2,1,18,3,2,1,3,1.5609756097561,.520439357448083
200796,2,53,4,R, ,2,2,2,2,2,1,2,2, ,3,2,2,70,4,2,1,6,1.95121951219512,.650549196810104
200797,2,40,3,R, ,2,2,2,2,2,2,2,2, ,3,2,2,61,3,2,1,2,3.53658536585366,1.17912041921831
200809,2,35,4,R, ,1,1,1,1,1,1,2,2, ,1,1,2,31,5,1,1,3,2.60975609756098,.870109550733514
200811,2,53,4,U, ,2,2,1,2,1,2,2,2, ,1,1,1,42,3,2,1,6,2.63414634146341,.87824141569364
200814,2,30,4,R, ,2,2,2,1,2,2,2,2, ,1,1,2,47,6,2,1,5,1,.333406463365178
200815,2,53,4,R, ,2,1,1,1,1,1,2,2, ,1,2,1,21,5,1,6,4,2.68292682926829,.894505145613893
200820,2,35,4,R, ,1,1,2,1,1,1,2,2, ,1,1,2,26,4,2,1,99,4,1.33362585346071
200823,2,8,4,S, ,2,1,1,1,1,2,1,1,3,2,2,1,19,3,2,1,4,2.68292682926829,.894505145613893
200826,2,6,4,S, ,2,1,1,2,1,2,1,2, ,3,2,1,71,8,2,1,9,1.21951219512195,.406593248006315
200840,2,6,4,S, ,2,2,1,1,1,2,1,1,1,3,2,1,20,3,2,1,9,3.65853658536585,1.21977974401894
200855,2,49,4,S, ,2,2,2,1,1,3,2,2, ,1,1,1,48,5,1,1,6,7.1219512195122,2.37450456835688
200860,2,4,4,U, ,2,2,1,1,1,1,2,2, ,3,2,1,20,4,1,1,6,2.53658536585366,.845713955853135
200861,2,4,4,U, ,2,2,1,2,1,2,2,2, ,9,2,2,99,3,1,1,99,6.1219512195122,2.0410981049917
200865,2,38,2,R, ,2,2,2,2,1,2,2,2, ,1,2,2,52,5,2,1,9,4.46341463414634,1.48813128770311
200867,2,6,4,R, ,2,1,1,1,1,1,1,2, ,1,2,2,23,6,1,6,3,3.29268292682927,1.09780176961705
200868,2,35,4,S, ,1,1,1,1,1,1,1,1,3,2,1,2,30,4,1,1,3,6.24390243902439,2.08175742979233
200869,2,8,4,R, ,2,2,2,2,2,2,2,2, ,3,2,2,60,6,2,1,3,1,.333406463365178
200876,2,6,4,S, ,2,2,2,2,2,2,2,2, ,1,1,2,43,4,2,1,6,3.82926829268293,1.27670279873983
200877,2,6,4,S, ,1,1,2,2,1,2,2,2, ,1,2,1,44,8,2,1,9,2.34146341463415,.780659036172124
200886,2,42,1,S, ,2,1,2,1,2,2,2,2, ,3,2,1,44,1,1,6,3,4.41463414634146,1.47186755778286
200889,2,26,2,R, ,2,2,2,2,1,1,2,2, ,1,2,1,63,8,2,1,6,1,.333406463365178
200896,2,36,1,U, ,1,1,1,1,1,1,2,2, ,3,1,2,33,4,2,4,3,5.60975609756098,1.87032894082905
200897,2,26,2,U, ,2,2,2,1,1,2,2,2, ,3,2,1,38,3,2,2,1,1.63414634146341,.544834952328462
200898,2,42,1,S, ,1,1,1,1,1,2,1,1,1,3,1,2,41,6,2,1,9,2.21951219512195,.739999711371493
200899,2,26,2,S, ,2,2,2,2,2,2,2,2, ,1,2,1,61,3,2,1,8,5.63414634146341,1.87846080578917
200906,2,18,2,U, ,2,2,1,2,2,2,2,2, ,1,2,1,25,4,2,1,1,3.70731707317073,1.2360434739392
200911,2,34,1,S, ,2,1,1,1,1,1,2,2, ,1,1,2,53,6,2,1,7,1.8780487804878,.626153601929725
200917,2,36,1,U, ,2,2,1,2,1,1,2,2, ,1,2,2,37,8,2,1,99,4.07317073170732,1.35802144834109
200925,2,24,3,U, ,2,1,1,1,1,2,2,2, ,1,2,1,23,6,2,4,3,5.21951219512195,1.74021910146703
200928,2,12,3,U, ,2,2,2,2,1,2,2,2, ,2,1,2,23,3,2,1,1,2.1219512195122,.707472251530988
200929,2,12,3,U, ,2,1,2,2,1,1,2,2, ,1,1,1,33,3,2,1,4,7.14634146341463,2.382636433317
200933,2,42,1,U, ,2,2,2,2,2,2,2,2, ,3,1,2,54,3,9,9,2,7.14634146341463,2.382636433317
200936,2,45,3,S, ,2,2,1,1,1,1,1,1,1,1,2,1,21,4,2,1,3,2.63414634146341,.87824141569364
200937,2,12,3,U, ,2,2,1,1,1,1,1,1,2,3,1,2,35,5,2,1,5,7.14634146341463,2.382636433317
200939,2,36,1,U, ,2,2,1,1,1,2,2,2, ,1,1,1,47,3,2,2,4,4.4390243902439,1.47999942274299
200941,2,12,3,S, ,1,1,2,1,2,1,2,2, ,1,1,1,40,6,2,1,8,3.75609756097561,1.25230720385945
200947,2,36,1,S, ,2,2,2,2,1,2,1,1,8,1,2,1,99,9,9,9,99,3.58536585365854,1.19538414913857
200955,2,42,1,S, ,2,2,2,2,1,2,2,2, ,3,2,2,55,3,2,1,3,1.63414634146341,.544834952328462
200961,2,36,1,U, ,1,1,1,2,1,2,2,2, ,3,1,1,38,2,2,2,8,4.24390243902439,1.41494450306198
200962,2,26,2,S, ,8,8,1,2,8,8,2,2, ,3,2,1,65,3,2,2,5,3.80487804878049,1.2685709337797
200970,2,23,1,S, ,2,1,2,2,1,2,1,1,1,2,2,2,19,3,2,1,1,2.90243902439024,.967691930255029
200973,2,12,3,U, ,2,2,2,2,1,2,1,1,1,2,2,1,23,5,2,1,2,2.63414634146341,.87824141569364
200975,2,20,2,S, ,2,1,2,2,1,2,2,1,4,1,1,1,40,8,2,3,7,2.17073170731707,.72373598145124
200977,2,55,2,S, ,2,2,2,2,2,2,2,2, ,3,2,2,83,2,2,1,1,3.51219512195122,1.17098855425819
200997,2,9,1,U, ,2,2,2,1,1,1,1,1,1,1,1,1,51,5,2,1,7,2.63414634146341,.87824141569364
200998,2,25,1,S, ,2,2,2,2,2,2,2,2, ,1,2,1,60,8,2,1,7,2.65853658536585,.886373280653766
201006,2,37,3,R, ,2,1,1,2,2,1,2,2, ,1,2,2,22,6,2,1,5,3.24390243902439,1.0815380396968
201010,2,34,1,S, ,2,1,2,2,2,2,2,2, ,1,2,2,64,6,2,1,8,2.36585365853659,.788790901132251
201015,2,55,2,R, ,2,2,2,2,2,2,2,2, ,1,2,1,59,6,2,1,7,1.14634146341463,.382197653125936
201017,2,1,3,U, ,2,1,1,1,1,2,2,2, ,1,1,1,28,8,2,2,5,3.53658536585366,1.17912041921831
201018,2,48,3,S, ,1,1,1,1,1,1,1,1,4,3,1,2,32,4,2,1,2,4.73170731707317,1.5775818022645
201019,2,55,2,S, ,2,2,1,2,1,1,1,1,3,1,2,1,51,4,2,1,6,4.29268292682927,1.43120823298223
201025,2,20,2,R, ,2,2,1,1,1,1,1,2, ,1,2,1,21,4,2,1,1,1.75609756097561,.585494277129093
201037,2,48,3,S, ,2,1,1,1,1,1,1,1,4,1,1,2,31,5,1,2,3,7.14634146341463,2.382636433317
201043,2,17,2,U, ,2,1,2,1,1,2,1,1,4,3,1,1,41,2,2,2,1,6.95121951219512,2.31758151363599
201048,2,12,3,U, ,2,2,1,2,1,2,1,1,4,1,1,1,35,5,2,1,6,4.31707317073171,1.43934009794235
201053,2,47,3,S, ,2,2,2,2,2,1,2,2, ,1,1,2,41,2,2,2,6,4.97560975609756,1.65890045186576
201055,2,40,3,S, ,2,2,2,1,2,2,2,2, ,3,1,2,32,2,2,2,1,5.51219512195122,1.83780148098854
201059,2,28,3,S, ,2,2,2,2,2,2,2,2, ,3,2,1,68,3,2,1,5,2.31707317073171,.772527171211998
201068,2,18,2,S, ,2,2,2,2,1,1,1,1,4,2,2,2,22,4,2,3,7,2.82926829268293,.94329633537465
201070,2,37,3,U, ,1,2,1,2,2,2,2,4, ,3,2,1,74,8,2,1,5,1,.333406463365178
201072,2,12,3,S, ,2,1,2,2,1,2,2,2, ,3,2,1,67,6,2,1,5,2.26829268292683,.756263441291746
201074,2,55,2,S, ,2,2,2,2,2,1,2,2, ,1,1,1,51,3,2,1,8,4.97560975609756,1.65890045186576
201077,2,26,2,R, ,2,2,2,2,2,2,2,2, ,3,2,1,71,9,2,1,3,1.53658536585366,.512307492487957
201079,2,27,2,S, ,2,2,2,1,2,1,2,2, ,3,2,1,68,6,2,1,4,1.95121951219512,.650549196810104
201080,2,49,4,R, ,2,1,1,2,1,2,2,2, ,2,2,1,21,4,2,1,4,1.26829268292683,.422856977926567
201084,2,16,4,S, ,2,2,2,2,1,1,1,1,1,3,2,2,19,4,2,1,7,1.60975609756098,.536703087368336
201088,2,4,4,R, ,2,2,1,1,1,2,2,2, ,1,2,1,58,6,2,1,7,1,.333406463365178
201094,2,17,2,U, ,1,2,1,1,1,2,1,1,4,1,2,1,35,8,2,1,8,4.09756097560976,1.36615331330122
201103,2,49,4,U, ,1,2,1,1,1,2,1,1,2,2,1,2,42,8,2,1,99,3.5609756097561,1.18725228417844
201104,2,31,2,R, ,2,2,2,2,2,2,2,2, ,1,2,1,59,4,2,1,7,1.31707317073171,.43912070784682
201110,2,1,3,R, ,2,2,2,2,2,1,2,2, ,1,2,1,59,3,2,1,2,4.92682926829268,1.64263672194551
201116,2,49,4,U, ,1,1,1,1,1,1,2,2, ,1,2,1,60,6,2,1,8,2,.666812926730356
201119,2,37,3,U, ,2,1,1,1,2,1,1,1,4,3,1,2,42,4,2,1,6,7.14634146341463,2.382636433317
201126,2,49,4,U, ,1,1,1,1,2,2,2,2, ,3,1,2,23,4,2,1,3,2.65853658536585,.886373280653766
201138,2,21,3,S, ,2,2,1,1,1,1,2,1,2,3,2,2,50,4,2,1,7,4.19512195121951,1.39868077314172
201142,2,39,2,S, ,1,2,2,2,2,2,2,2, ,2,2,2,66,4,2,1,4,1.60975609756098,.536703087368336
201148,2,12,3,U, ,2,1,2,2,1,1,1,1,1,1,2,1,41,8,1,2,6,5.90243902439024,1.96791132035056
201151,2,47,3,R, ,2,2,2,2,1,2,2,2, ,2,2,2,50,4,2,1,9,5.17073170731707,1.72395537154677
201154,2,42,1,R, ,1,1,2,1,2,1,2,2, ,1,2,1,52,4,9,9,6,4.34146341463415,1.44747196290248
201157,2,42,1,S, ,2,2,2,2,1,1,2,1,1,3,2,1,53,4,2,1,1,3.14634146341463,1.04901057985629
201162,2,37,3,R, ,2,2,2,1,1,2,1,1,1,3,1,2,24,2,1,1,2,5.36585365853659,1.78901029122779
201172,2,16,4,R, ,2,2,1,1,1,1,1,2, ,3,2,1,21,5,2,1,8,1.26829268292683,.422856977926567
201173,2,26,2,S, ,2,2,2,2,2,2,2,2, ,3,2,1,74,5,2,1,7,1.65853658536585,.552966817288588
201183,2,32,4,S, ,1,1,2,1,2,2,2,2, ,3,2,1,21,4,2,3,4,2.39024390243902,.796922766092377
201189,2,21,3,S, ,2,2,2,2,1,2,2,1,1,1,1,2,43,6,2,1,6,2.68292682926829,.894505145613893
201190,2,6,4,S, ,1,1,1,1,1,2,2,2, ,1,1,2,44,6,2,1,7,2.73170731707317,.910768875534145
201204,2,4,4,R, ,2,2,2,2,2,1,2,4, ,1,2,1,53,5,2,1,2,1.39024390243902,.463516302727199
201209,2,53,4,S, ,2,2,1,2,2,1,4,4, ,2,1,2,37,3,2,1,6,5.90243902439024,1.96791132035056
201217,2,48,3,S, ,2,1,1,1,2,2,2,2, ,3,2,1,24,4,1,6,99,2.36585365853659,.788790901132251
201218,2,35,4,R, ,1,1,1,1,1,1,2,2, ,1,2,2,19,3,2,1,2,1.36585365853659,.455384437767073
201226,2,6,4,U, ,2,2,2,1,1,2,2,2, ,2,2,1,24,4,2,2,3,1.31707317073171,.43912070784682
201231,2,35,4,R, ,1,1,1,2,1,1,2,2, ,1,2,1,61,8,1,1,8,2.39024390243902,.796922766092377
201233,2,18,2,S, ,2,2,2,1,1,1,1,1,1,1,2,1,27,8,2,3,6,4.09756097560976,1.36615331330122
201235,2,6,4,U, ,2,1,1,1,1,2,2,2, ,3,1,2,48,6,2,1,1,2.31707317073171,.772527171211998
201257,2,29,2,U, ,2,2,1,2,2,1,1,2, ,2,2,1,35,4,1,1,1,6.4390243902439,2.14681234947334
201282,2,26,2,S, ,2,2,1,1,1,2,1,1,3,1,1,1,42,6,2,1,9,2.29268292682927,.764395306251872
201284,2,41,4,S, ,2,2,2,2,2,1,2,2, ,3,2,2,50,4,2,1,2,5.70731707317073,1.90285640066955
201286,2,29,2,S, ,1,1,1,1,1,2,1,1,2,1,1,1,34,6,2,1,6,3.73170731707317,1.24417533889932
201290,2,37,3,R, ,2,2,1,2,1,2,2,1,1,1,1,2,22,3,2,1,3,2.63414634146341,.87824141569364
201291,2,48,3,U, ,2,1,1,1,1,1,2,1,4,3,1,1,32,3,2,1,3,5.31707317073171,1.77274656130753
201301,2,1,3,U, ,1,1,1,1,1,2,1,1,1,1,1,2,54,5,2,2,6,5.53658536585366,1.84593334594867
201304,2,6,4,U, ,2,1,1,2,1,1,2,2, ,1,1,2,48,8,1,1,9,5.36585365853659,1.78901029122779
201305,2,48,3,S, ,2,2,1,1,1,1,2,2, ,1,2,1,60,8,2,2,4,1.17073170731707,.390329518086062
201310,2,41,4,S, ,1,1,2,1,1,1,1,1,2,1,1,1,50,6,2,3,9,1.85365853658537,.618021736969599
201311,2,36,1,R, ,2,2,2,1,2,1,2,2, ,1,2,1,56,4,2,1,99,1.14634146341463,.382197653125936
201312,2,6,4,U, ,2,1,2,2,1,2,1,1,1,3,1,2,46,8,2,1,7,1.82926829268293,.609889872009472
201317,2,6,4,S, ,1,1,1,1,1,1,1,1,4,3,2,1,31,4,1,1,7,7.14634146341463,2.382636433317
201318,2,48,3,U, ,1,1,2,2,1,2,2,2, ,3,2,2,21,3,1,1,1,7.09756097560976,2.36637270339675
201319,2,6,4,S, ,2,2,1,1,1,2,1,1,4,3,2,1,18,3,1,4,4,3.31707317073171,1.10593363457718
201324,2,53,4,S, ,2,2,2,2,2,2,2,2, ,3,2,2,52,3,2,1,5,7.14634146341463,2.382636433317
201333,2,16,4,R, ,1,1,1,1,2,1,2,2, ,1,2,2,51,3,2,1,7,2.70731707317073,.902637010574019
201357,2,6,4,S, ,2,1,1,1,2,1,2,2, ,1,2,2,60,8,2,1,7,1.19512195121951,.398461383046189
201359,2,17,2,U, ,2,2,2,2,1,2,2,2, ,3,2,1,42,3,2,1,4,6.29268292682927,2.09802115971258
201361,2,49,4,U, ,1,1,1,1,1,1,2,2, ,2,2,2,21,5,1,2,3,4.14634146341463,1.38241704322147
201362,2,48,3,U, ,2,2,2,1,2,2,2,2, ,3,2,2,50,6,1,1,6,7.14634146341463,2.382636433317
201368,2,6,4,U, ,1,1,2,2,1,2,1,2, ,2,1,2,33,8,2,1,6,3.34146341463415,1.1140654995373
201374,2,54,3,U, ,1,1,2,2,1,2,2,2, ,2,2,1,26,5,2,1,3,4.29268292682927,1.43120823298223
201377,2,53,4,R, ,2,2,2,2,2,2,2,2, ,1,2,2,52,3,2,1,4,2.70731707317073,.902637010574019
201385,2,32,4,S, ,1,2,1,2,1,1,1,1,1,1,2,1,51,6,2,1,9,2.34146341463415,.780659036172124
201386,2,6,4,U, ,2,2,2,2,1,2,2,2, ,1,2,1,57,4,1,6,5,5.65853658536585,1.8865926707493
201391,2,6,4,S, ,2,2,2,2,2,2,2,2, ,3,2,2,29,3,2,1,4,4.09756097560976,1.36615331330122
201395,2,53,4,U, ,2,2,1,2,1,2,1,1,8,2,2,2,24,8,2,4,99,1.65853658536585,.552966817288588
201400,2,6,4,S, ,2,2,2,2,2,2,2,2, ,3,2,1,65,4,2,2,6,1,.333406463365178
201414,2,53,4,S, ,2,2,2,2,2,2,2,2, ,2,2,2,66,2,2,1,3,2.48780487804878,.829450225932882
201416,2,32,4,S, ,2,2,1,1,2,2,2,2, ,3,1,2,41,5,2,2,4,3.41463414634146,1.13846109441768
201417,2,53,4,U, ,2,1,1,1,1,1,1,1,3,1,1,2,24,5,2,1,6,2.58536585365854,.861977685773387
201423,2,6,4,S, ,1,2,1,2,2,2,2,2, ,3,2,2,74,6,2,1,9,1.63414634146341,.544834952328462
201438,2,6,4,U, ,2,2,2,2,2,2,2,2, ,3,2,2,70,3,1,1,5,7.14634146341463,2.382636433317
201442,2,17,2,S, ,2,2,1,2,1,2,2,2, ,1,2,2,48,6,2,2,4,1.5609756097561,.520439357448083
201443,2,6,4,S, ,2,2,1,2,2,2,2,2, ,2,2,1,58,5,2,1,5,1.97560975609756,.65868106177023
201444,2,17,2,S, ,1,2,2,1,2,2,2,2, ,3,2,2,69,3,2,1,4,2.1219512195122,.707472251530988
201448,2,26,2,S, ,2,2,1,2,1,1,1,1,1,2,2,1,25,8,2,1,1,3.73170731707317,1.24417533889932
201454,2,36,1,S, ,1,1,1,1,1,1,2,2, ,3,2,1,27,3,2,1,3,5.02439024390244,1.67516418178602
201463,2,5,3,R, ,2,2,2,2,2,1,2,2, ,3,2,2,55,1,2,1,3,2.63414634146341,.87824141569364
201467,2,6,4,U, ,1,1,1,1,1,1,1,1,3,1,2,1,21,4,1,6,7,4.63414634146341,1.545054342424
201468,2,6,4,S, ,2,1,1,2,1,1,1,1,3,3,2,1,18,5,2,3,1,3.41463414634146,1.13846109441768
201473,2,19,2,U, ,1,2,1,1,2,1,2,2, ,2,2,2,67,8,2,1,6,1.17073170731707,.390329518086062
201474,2,29,2,R, ,2,2,2,2,2,1,2,2, ,1,2,2,59,3,2,1,3,3.07317073170732,1.02461498497591
201480,2,53,4,S, ,2,2,2,2,1,1,2,1,8,3,2,1,65,8,2,1,4,1.90243902439024,.634285466889851
201486,2,6,4,U, ,2,2,1,1,1,2,2,2, ,1,2,1,21,3,1,6,4,7.14634146341463,2.382636433317
201498,2,48,3,S, ,2,2,1,1,1,2,2,2, ,2,2,2,18,4,2,1,3,2.75609756097561,.918900740494271
201499,2,17,2,U, ,2,2,2,1,1,2,2,2, ,1,2,2,65,8,2,2,5,1.17073170731707,.390329518086062
201501,2,48,3,S, ,2,1,1,2,1,2,2,2, ,1,1,1,53,6,2,1,9,4.95121951219512,1.65076858690564
201505,2,17,2,R, ,2,2,2,2,2,2,2,2, ,2,2,2,71,4,2,1,2,1.24390243902439,.414725112966441
201515,2,49,4,S, ,2,1,2,2,1,2,2,2, ,1,2,1,21,3,2,1,4,3.92682926829268,1.30923025858033
201521,2,19,2,R, ,2,2,2,2,8,2,2,2, ,3,2,1,77,3,2,1,2,3.21951219512195,1.07340617473667
201522,2,48,3,S, ,2,2,2,2,8,2,2,2, ,3,2,2,72,4,2,2,1,1.85365853658537,.618021736969599
201526,2,55,2,U, ,2,2,1,2,1,1,1,1,1,2,2,2,18,3,2,3,1,3.51219512195122,1.17098855425819
201534,2,31,2,S, ,2,2,2,2,2,1,2,2, ,2,2,2,62,4,2,1,5,3.1219512195122,1.04087871489617
201535,2,19,2,S, ,2,2,2,2,2,2,2,2, ,1,2,1,60,8,2,1,7,1,.333406463365178
201547,2,47,3,U, ,2,2,1,1,2,2,2,2, ,3,2,1,46,6,2,5,8,2.97560975609756,.992087525135408
201555,2,17,2,U, ,2,1,1,1,2,2,1,4, ,3,2,1,20,3,1,1,9,5.85365853658537,1.95164759043031
201569,2,4,4,R, ,2,2,2,2,2,2,2,2, ,3,2,2,68,6,2,1,5,1.04878048780488,.349670193285431
201579,2,53,4,S, ,2,2,2,2,2,2,2,2, ,1,1,1,30,2,2,1,7,4.48780487804878,1.49626315266324
201586,2,8,4,R, ,1,2,1,1,2,2,2,2, ,1,1,1,35,8,2,1,6,1.70731707317073,.569230547208841
201589,2,16,4,S, ,2,2,1,1,1,1,2,1,2,3,2,2,18,3,2,1,2,2.09756097560976,.699340386570862
201590,2,49,4,R, ,1,2,2,2,1,1,2,1,4,3,1,2,28,6,2,1,4,4.1219512195122,1.37428517826134
201591,2,6,4,U, ,2,1,2,2,2,2,2,2, ,3,2,2,75,6,2,1,99,1,.333406463365178
201592,2,6,4,S, ,2,2,2,1,2,2,2,2, ,2,2,1,35,3,1,5,2,5.24390243902439,1.74835096642715
201595,2,45,3,R, ,2,2,1,2,1,1,1,2, ,1,2,1,52,6,2,1,7,2.78048780487805,.927032605454398
201599,2,36,1,U, ,2,2,2,2,1,2,2,2, ,3,2,1,62,8,2,2,2,2.92682926829268,.975823795215156
201608,2,34,1,S, ,1,1,1,1,1,1,2,2, ,1,1,1,38,4,1,1,8,6.51219512195122,2.17120794435372
201614,2,34,1,S, ,2,2,1,1,1,1,1,1,1,1,2,1,21,4,2,1,3,2.36585365853659,.788790901132251
201625,2,10,3,S, ,2,2,2,2,2,2,2,2, ,1,1,1,47,3,2,2,4,4.70731707317073,1.56944993730438
201631,2,36,1,U, ,2,2,2,1,1,2,2,2, ,2,2,1,22,6,2,3,4,2.75609756097561,.918900740494271
201632,2,39,2,U, ,2,2,2,1,1,2,1,1,8,2,2,2,26,8,2,1,4,6.09756097560976,2.03296624003157
201633,2,36,1,U, ,2,2,1,2,2,2,2,2, ,2,1,1,58,3,1,4,3,4.90243902439024,1.63450485698539
201634,2,12,3,S, ,1,1,1,1,2,1,2,2, ,2,9,1,36,3,1,2,1,7.14634146341463,2.382636433317
201638,2,39,2,S, ,2,2,1,1,1,2,2,2, ,1,2,1,27,6,2,1,6,3.82926829268293,1.27670279873983
201645,2,36,1,U, ,2,2,2,2,1,2,2,2, ,1,2,1,57,4,2,1,6,3.04878048780488,1.01648312001579
201649,2,37,3,R, ,2,2,2,1,2,2,2,2, ,2,2,1,21,4,2,1,2,2.63414634146341,.87824141569364
201653,2,18,2,U, ,2,2,1,1,8,1,2,1,4,3,2,1,18,2,2,1,2,2.75609756097561,.918900740494271
201656,2,51,3,U, ,2,2,1,1,1,2,2,1,4,1,1,1,24,3,2,1,3,2.87804878048781,.959560065294903
201666,2,22,3,S, ,1,1,1,1,1,1,1,1,1,1,1,2,31,3,2,1,6,4.17073170731707,1.3905489081816
201668,2,5,3,S, ,1,2,2,1,1,2,2,2, ,1,1,1,32,6,2,1,7,3.41463414634146,1.13846109441768
201670,2,13,3,U, ,1,2,1,2,1,1,2,2, ,3,2,1,59,3,2,1,7,2.97560975609756,.992087525135408
201671,2,5,3,U, ,1,2,1,2,1,1,1,2, ,1,2,2,25,6,2,1,6,6.19512195121951,2.06549369987208
201692,2,27,2,U, ,1,2,2,2,1,2,2,2, ,2,2,1,19,3,2,1,4,5.04878048780488,1.68329604674614
201695,2,37,3,U, ,2,1,2,2,1,2,1,1,4,1,1,1,99,4,2,1,99,1.95121951219512,.650549196810104
201703,2,22,3,U, ,2,2,1,1,1,2,2,2, ,1,1,1,22,3,2,1,2,2.36585365853659,.788790901132251
201704,2,12,3,S, ,2,1,1,1,1,2,2,2, ,1,1,1,54,6,2,1,7,1.68292682926829,.561098682248714
201710,2,12,3,U, ,2,2,2,2,1,2,2,2, ,1,2,1,45,5,2,2,5,5.95121951219512,1.98417505027082
201716,2,28,3,S, ,1,1,1,1,1,1,2,2, ,2,2,2,18,3,2,4,2,3.68292682926829,1.22791160897907
201721,2,19,2,U, ,1,2,1,1,2,2,2,2, ,1,1,1,43,4,2,1,6,3.1219512195122,1.04087871489617
201727,2,47,3,U, ,2,1,2,2,1,1,2,2, ,1,1,1,32,4,2,1,2,4.29268292682927,1.43120823298223
201728,2,26,2,S, ,1,1,1,1,1,1,1,2, ,1,1,1,56,6,2,1,3,2.70731707317073,.902637010574019
201730,2,37,3,U, ,2,2,1,2,2,2,2,2, ,1,1,1,42,3,2,1,4,5.48780487804878,1.82966961602842
201734,2,9,1,S, ,2,2,2,2,8,1,2,2, ,1,1,1,46,3,2,2,4,3.53658536585366,1.17912041921831
201735,2,48,3,U, ,1,1,1,2,1,2,1,2, ,1,2,2,43,6,2,2,7,2.65853658536585,.886373280653766
201737,2,23,1,R, ,2,1,1,1,1,1,1,1,1,1,1,2,29,3,1,6,3,4.26829268292683,1.4230763680221
201738,2,51,3,U, ,2,2,2,2,2,1,2,2, ,3,2,1,63,6,2,1,6,1.41463414634146,.471648167687325
201744,2,36,1,U, ,2,1,1,2,1,1,1,1,4,1,2,2,23,6,2,1,4,4.92682926829268,1.64263672194551
201748,2,18,2,R, ,2,2,1,1,1,1,1,1,4,2,2,2,66,3,2,1,99,1.68292682926829,.561098682248714
201750,2,36,1,R, ,2,2,2,1,2,2,2,2, ,2,2,1,53,3,2,1,2,2.34146341463415,.780659036172124
201751,2,12,3,S, ,1,2,2,2,2,1,2,2, ,3,2,1,60,6,2,1,6,1.41463414634146,.471648167687325
201758,2,26,2,U, ,2,2,2,2,2,1,2,2, ,3,2,2,83,4,2,1,2,1.60975609756098,.536703087368336
201759,2,18,2,R, ,2,2,2,2,2,2,2,2, ,3,2,1,64,3,2,1,2,3.26829268292683,1.08966990465692
201766,2,42,1,U, ,2,1,1,1,1,1,1,1,4,2,2,2,21,4,1,5,2,4.07317073170732,1.35802144834109
201769,2,42,1,S, ,2,2,2,2,1,2,2,2, ,1,2,2,54,4,1,6,2,7.14634146341463,2.382636433317
201792,2,12,3,U, ,2,1,2,1,1,1,1,1,1,1,1,1,40,8,2,1,9,2.78048780487805,.927032605454398
201793,2,21,3,R, ,2,2,2,2,1,2,2,2, ,1,2,1,43,3,2,1,6,4.21951219512195,1.40681263810185
201800,2,18,2,U, ,2,2,2,2,2,2,2,2, ,1,2,1,57,2,2,1,2,4.14634146341463,1.38241704322147
201801,2,47,3,U, ,1,1,1,1,1,1,2,2, ,2,2,1,71,8,2,1,99,2.26829268292683,.756263441291746
201805,2,25,1,S, ,2,1,2,1,1,1,1,1,1,1,2,2,28,8,2,1,3,7.14634146341463,2.382636433317
201806,2,13,3,U, ,1,2,2,1,1,1,1,1,1,3,2,1,28,4,2,4,1,6.5609756097561,2.18747167427397
201807,2,12,3,S, ,2,2,2,2,2,1,2,2, ,3,2,2,75,5,2,1,8,1.82926829268293,.609889872009472
201813,2,36,1,S, ,1,1,1,2,2,1,2,2, ,3,2,2,65,8,2,1,7,1.65853658536585,.552966817288588
201814,2,18,2,R, ,1,1,1,1,1,2,1,2, ,3,2,1,21,4,2,3,8,1.8780487804878,.626153601929725
201831,2,36,1,U, ,1,1,1,1,1,2,2,2, ,1,1,1,37,2,2,5,2,7.14634146341463,2.382636433317
201832,2,36,1,S, ,2,2,2,2,1,1,2,2, ,1,2,1,63,8,2,1,9,1.21951219512195,.406593248006315
201833,2,42,1,S, ,2,2,2,2,2,2,2,2, ,3,2,2,70,3,2,1,99,1.41463414634146,.471648167687325
201850,2,42,1,S, ,2,1,1,1,1,1,1,1,1,2,1,2,40,5,2,2,4,5.41463414634146,1.80527402114804
201865,2,36,1,U, ,2,2,2,2,2,2,2,2, ,1,1,2,40,6,2,3,5,7.04878048780488,2.3501089734765
201866,2,34,1,S, ,2,2,2,2,2,2,2,2, ,3,2,1,58,4,2,2,3,3.19512195121951,1.06527430977654
201880,2,51,3,S, ,2,1,2,2,2,1,2,2, ,1,2,2,66,6,2,1,5,1,.333406463365178
201891,2,36,1,S, ,2,2,1,1,1,1,1,1,1,3,2,1,21,4,1,1,8,3.70731707317073,1.2360434739392
201897,2,18,2,R, ,2,2,2,1,1,1,1,1,4,1,2,1,28,6,2,1,99,2.92682926829268,.975823795215156
201905,2,45,3,U, ,2,1,2,2,1,1,2,2, ,1,2,2,50,3,2,1,7,6.53658536585366,2.17933980931385
201914,2,39,2,U, ,2,2,2,2,1,2,2,1,1,1,1,2,31,8,2,1,8,7.14634146341463,2.382636433317
201915,2,12,3,S, ,2,2,2,2,2,2,2,2, ,3,2,2,74,3,2,1,2,2.46341463414634,.821318360972756
201916,2,18,2,S, ,1,1,2,2,1,1,2,2, ,2,2,2,99,3,2,1,4,2.26829268292683,.756263441291746
201920,2,39,2,R, ,1,2,2,1,1,2,2,2, ,1,1,2,42,4,2,1,99,4.26829268292683,1.4230763680221
201922,2,36,1,S, ,2,2,1,1,1,1,2,2, ,1,1,2,29,3,1,1,3,6.87804878048781,2.29318591875562
201928,2,42,1,S, ,1,1,1,1,2,1,2,2, ,1,1,1,36,5,2,1,7,2.51219512195122,.837582090893008
201929,2,37,3,S, ,1,2,2,2,2,2,2,2, ,1,1,1,53,4,2,1,9,3.78048780487805,1.26043906881958
201932,2,35,4,U, ,2,2,1,2,1,2,1,1,1,3,2,1,49,6,1,1,7,2.65853658536585,.886373280653766
201934,2,39,2,S, ,2,2,2,2,1,1,2,2, ,1,2,2,56,8,2,1,9,2.09756097560976,.699340386570862
201944,2,12,3,U, ,2,2,2,2,2,2,2,2, ,3,2,1,62,5,2,1,7,2,.666812926730356
201952,2,6,4,U, ,2,2,1,1,1,1,2,2, ,1,1,1,35,6,2,3,6,2.1219512195122,.707472251530988
201953,2,4,4,U, ,2,1,1,1,1,1,1,1,4,2,1,2,36,8,2,1,9,2.21951219512195,.739999711371493
201955,2,9,1,S, ,1,1,1,2,1,1,2,1,4,1,2,1,99,3,9,9,99,3.70731707317073,1.2360434739392
201962,2,8,4,S, ,1,2,2,2,2,2,2,2, ,3,2,2,63,8,2,1,99,1,.333406463365178
201968,2,22,3,U, ,2,1,1,2,1,1,1,1,4,2,2,2,71,8,2,1,9,1.95121951219512,.650549196810104
201971,2,4,4,U, ,2,2,1,2,2,2,2,2, ,1,2,2,41,4,2,1,4,6.5609756097561,2.18747167427397
201977,2,8,4,R, ,2,2,2,2,8,2,2,2, ,3,2,2,72,3,2,1,99,1.63414634146341,.544834952328462
201989,2,21,3,S, ,1,1,1,2,2,1,1,2, ,1,2,2,53,8,2,1,7,1.73170731707317,.577362412168967
201995,2,6,4,S, ,2,1,1,2,1,2,1,1,1,1,1,1,36,6,2,1,9,1.97560975609756,.65868106177023
202001,2,4,4,U, ,2,2,1,1,2,2,2,2, ,3,2,1,59,3,2,1,5,4.04878048780488,1.34988958338097
202009,2,48,3,S, ,1,1,1,2,1,1,1,1,8,2,2,2,71,4,2,1,6,3.34146341463415,1.1140654995373
202013,2,6,4,S, ,2,2,2,2,2,1,2,2, ,3,1,2,31,3,1,1,1,7.14634146341463,2.382636433317
202014,2,47,3,S, ,2,2,1,1,2,1,1,2, ,3,2,2,48,5,2,2,1,5.39024390243903,1.79714215618791
202020,2,27,2,S, ,2,2,2,2,2,2,2,2, ,3,2,2,60,3,2,1,1,3.87804878048781,1.29296652866008
202021,2,37,3,S, ,1,1,1,2,2,1,2,2, ,1,2,1,56,8,2,1,4,2.36585365853659,.788790901132251
202053,2,40,3,S, ,1,1,1,1,1,1,1,1,1,2,2,2,18,3,2,1,8,3.60975609756098,1.20351601409869
202065,2,6,4,U, ,2,2,1,1,1,2,2,2, ,3,2,1,19,4,2,9,6,2.95121951219512,.983955660175282
202066,2,40,3,S, ,2,2,2,1,2,2,2,2, ,3,2,1,35,3,2,1,3,3.26829268292683,1.08966990465692
202071,2,53,4,R, ,2,1,2,2,2,1,2,2, ,3,2,2,65,6,2,1,4,1,.333406463365178
202080,2,19,2,S, ,2,2,2,1,2,1,2,1,1,1,1,2,36,5,2,2,2,5.48780487804878,1.82966961602842
202093,2,33,1,S, ,1,1,1,2,1,2,1,1,3,1,2,1,35,8,2,1,6,2.19512195121951,.731867846411367
202106,2,6,4,U, ,1,1,1,1,1,1,1,2, ,1,1,1,35,3,1,1,2,7.14634146341463,2.382636433317
202107,2,51,3,S, ,2,1,2,1,1,1,2,2, ,2,1,2,45,6,2,1,8,2.21951219512195,.739999711371493
202109,2,24,3,U, ,1,2,2,2,1,3,2,2, ,3,1,2,30,5,2,1,4,6,2.00043878019107
202111,2,6,4,S, ,1,2,1,1,1,2,2,2, ,1,1,1,40,4,2,1,7,2.5609756097561,.853845820813261
202113,2,6,4,U, ,2,2,2,2,1,2,2,2, ,3,2,1,99,4,2,1,99,4.87804878048781,1.62637299202526
202116,2,13,3,U, ,1,2,1,1,1,2,2,2, ,3,1,2,43,8,2,1,7,2.60975609756098,.870109550733514
202120,2,40,3,R, ,1,1,1,2,2,2,2,2, ,1,2,2,26,3,2,5,3,5.53658536585366,1.84593334594867
202123,2,48,3,S, ,1,2,1,2,1,3,1,2, ,3,2,2,39,4,2,1,2,7.14634146341463,2.382636433317
202131,2,42,1,S, ,2,2,2,2,2,2,2,4, ,1,2,1,53,5,2,1,7,3.14634146341463,1.04901057985629
202140,2,6,4,S, ,1,1,1,1,1,1,1,2, ,1,2,2,58,6,2,2,8,1.24390243902439,.414725112966441
202141,2,31,2,R, ,1,2,1,1,1,1,2,2, ,3,2,2,20,4,2,1,6,1.53658536585366,.512307492487957
202150,2,9,1,U, ,2,2,1,2,1,2,2,2, ,1,2,1,48,6,2,1,5,1.41463414634146,.471648167687325
202163,2,4,4,U, ,2,2,2,2,2,2,2,2, ,1,2,1,61,8,2,1,4,1.95121951219512,.650549196810104
202166,2,37,3,U, ,2,2,2,2,2,1,4,4, ,1,2,2,59,6,2,2,4,2,.666812926730356
202170,2,53,4,S, ,1,2,1,1,1,1,2,2, ,3,1,2,42,6,2,1,7,2.26829268292683,.756263441291746
202173,2,53,4,S, ,2,1,1,1,2,1,2,2, ,1,2,1,55,3,2,1,7,3.68292682926829,1.22791160897907
202193,2,12,3,S, ,1,2,2,1,1,2,1,2, ,1,1,1,30,4,2,1,5,4.19512195121951,1.39868077314172
202194,2,1,3,R, ,2,2,1,1,1,1,2,1,1,2,2,2,21,4,1,6,2,4.92682926829268,1.64263672194551
202195,2,6,4,U, ,2,2,2,2,1,1,2,2, ,3,2,2,86,8,2,9,99,1.09756097560976,.365933923205683
202197,2,5,3,R, ,1,2,1,1,1,2,1,1,1,1,2,1,22,4,2,1,5,2.02439024390244,.674944791690483
202200,2,18,2,R, ,2,1,1,1,1,2,1,1,1,3,2,1,22,4,2,6,8,2.39024390243902,.796922766092377
202206,2,48,3,U, ,2,2,2,2,2,2,2,2, ,2,2,1,67,6,1,6,1,5.17073170731707,1.72395537154677
202207,2,12,3,U, ,2,2,2,2,2,2,2,2, ,3,2,1,82,5,2,1,4,1.31707317073171,.43912070784682
202214,2,13,3,S, ,2,2,1,2,1,2,2,1,4,1,1,1,37,4,2,1,6,4.87804878048781,1.62637299202526
202218,2,29,2,U, ,2,2,1,2,1,1,2,2, ,1,2,1,23,4,2,1,99,1.65853658536585,.552966817288588
202220,2,53,4,S, ,2,2,1,1,1,1,1,2, ,3,2,1,29,4,2,1,99,2.68292682926829,.894505145613893
202225,2,48,3,S, ,1,1,1,2,2,2,2,4, ,1,1,1,47,8,2,1,7,2.70731707317073,.902637010574019
202226,2,55,2,R, ,2,2,1,1,1,2,1,1,4,2,2,1,18,3,2,1,99,1.75609756097561,.585494277129093
202243,2,55,2,R, ,2,2,2,2,2,2,2,2, ,3,2,1,72,3,2,1,3,2,.666812926730356
202246,2,17,2,U, ,2,2,2,2,2,2,2,2, ,3,2,1,57,3,2,1,1,3.19512195121951,1.06527430977654
202247,2,20,2,U, ,2,2,1,2,1,1,1,1,4,3,2,1,19,2,2,2,1,2.31707317073171,.772527171211998
202256,2,48,3,U, ,2,2,2,1,2,2,2,2, ,2,2,1,18,4,2,3,7,4.02439024390244,1.34175771842084
202257,2,8,4,U, ,2,2,2,2,1,2,2,2, ,1,1,1,55,5,2,1,9,1.29268292682927,.430988842886694
202261,2,6,4,U, ,2,1,1,2,1,2,1,2, ,1,1,1,46,8,2,3,4,4.48780487804878,1.49626315266324
202281,2,36,1,S, ,1,1,1,2,2,2,2,2, ,3,2,1,55,3,2,1,99,2,.666812926730356
202292,2,36,1,U, ,2,2,2,2,1,2,9,9, ,2,2,1,32,6,2,1,6,6.73170731707317,2.24439472899486
202302,2,33,1,R, ,2,1,2,2,1,2,1,2, ,1,2,1,62,5,2,1,7,1.31707317073171,.43912070784682
202308,2,9,1,U, ,1,1,1,1,1,2,2,2, ,1,1,1,50,8,2,1,8,1.70731707317073,.569230547208841
202321,2,36,1,S, ,1,2,1,2,1,1,1,2, ,1,2,2,21,4,2,3,4,3.78048780487805,1.26043906881958
202322,2,53,4,R, ,1,1,1,1,1,1,2,1,3,1,2,1,37,3,1,1,7,5.58536585365854,1.86219707586892
202323,2,42,1,U, ,2,2,2,2,1,2,2,2, ,1,2,2,56,3,2,1,8,1.8780487804878,.626153601929725
202325,2,50,1,R, ,1,2,2,2,1,2,2,2, ,1,1,2,48,6,2,1,4,1.78048780487805,.59362614208922
202330,2,34,1,S, ,1,1,1,1,1,2,2,2, ,2,1,2,34,4,2,1,6,5.24390243902439,1.74835096642715
202338,2,36,1,S, ,2,1,2,2,2,1,1,2, ,1,2,1,64,6,2,1,7,1.75609756097561,.585494277129093
202369,2,12,3,U, ,2,2,1,1,1,2,2,2, ,1,2,1,23,6,2,1,99,1.97560975609756,.65868106177023
202376,2,24,3,S, ,2,1,1,2,2,2,2,2, ,3,1,2,37,8,2,1,6,6.14634146341463,2.04922996995183
202380,2,23,1,S, ,1,1,1,2,2,1,2,2, ,1,2,2,52,4,2,1,6,3.5609756097561,1.18725228417844
202423,2,47,3,R, ,2,1,2,2,1,2,2,2, ,1,2,1,57,3,2,1,7,3.07317073170732,1.02461498497591
202426,2,37,3,U, ,2,2,2,2,1,1,2,2, ,1,2,2,65,5,2,1,99,1.21951219512195,.406593248006315
202433,2,12,3,U, ,2,2,2,2,1,2,2,2, ,1,2,1,29,8,2,1,8,6.29268292682927,2.09802115971258
202436,2,37,3,U, ,2,2,2,2,2,2,2,2, ,3,2,1,71,3,2,1,5,4.29268292682927,1.43120823298223
202437,2,24,3,S, ,1,1,2,2,2,2,2,2, ,3,2,1,68,3,2,2,1,3.51219512195122,1.17098855425819
202440,2,23,1,S, ,2,2,2,2,2,2,2,2, ,2,2,1,31,3,2,2,2,3.70731707317073,1.2360434739392
202444,2,12,3,U, ,2,2,2,2,1,1,1,1,1,1,2,2,41,4,2,2,6,7.14634146341463,2.382636433317
202452,2,12,3,S, ,2,2,2,2,2,1,2,2, ,1,2,2,63,3,2,1,3,2.73170731707317,.910768875534145
202454,2,36,1,R, ,2,1,2,2,2,2,2,2, ,2,1,1,59,3,2,1,3,3.21951219512195,1.07340617473667
202461,2,42,1,S, ,2,1,2,2,2,2,2,2, ,1,1,1,69,6,2,1,8,1.19512195121951,.398461383046189
202482,2,42,1,S, ,2,2,1,1,1,1,1,2, ,1,2,2,18,3,1,1,4,3.29268292682927,1.09780176961705
202489,2,13,3,S, ,2,2,2,2,2,2,4,4, ,3,2,2,69,6,2,1,7,1.95121951219512,.650549196810104
202493,2,50,1,R, ,2,2,2,2,1,2,2,2, ,1,2,1,66,3,2,1,5,1.97560975609756,.65868106177023
202497,2,47,3,R, ,2,2,2,1,2,1,2,2, ,3,2,1,62,2,2,1,1,2.34146341463415,.780659036172124
202501,2,48,3,U, ,2,2,2,2,1,1,1,1,1,2,2,2,21,3,2,2,8,5.02439024390244,1.67516418178602
202510,2,29,2,R, ,2,2,2,2,1,1,1,1,1,2,2,1,74,4,2,1,4,2.09756097560976,.699340386570862
202511,2,55,2,R, ,2,2,2,2,2,2,2,2, ,1,2,1,54,8,2,1,5,1.14634146341463,.382197653125936
202517,2,36,1,S, ,2,2,2,1,2,1,2,2, ,1,2,2,58,3,2,1,8,2.90243902439024,.967691930255029
202518,2,44,1,S, ,2,2,1,1,2,1,2,2, ,1,2,2,62,3,2,1,6,2.34146341463415,.780659036172124
202520,2,29,2,R, ,2,2,2,2,2,1,2,2, ,3,2,2,65,5,2,1,99,1,.333406463365178
202523,2,17,2,U, ,1,9,2,1,1,2,2,2, ,1,1,1,32,4,2,1,7,3.60975609756098,1.20351601409869
202527,2,37,3,R, ,2,2,2,2,2,2,2,2, ,3,9,2,53,4,9,5,1,3.02439024390244,1.00835125505566
202537,2,12,3,U, ,2,2,1,2,1,2,1,1,9,1,2,1,28,6,2,1,99,4.31707317073171,1.43934009794235
202543,2,55,2,U, ,2,2,2,1,1,1,1,1,4,2,1,2,38,3,2,1,6,6.65853658536585,2.21999913411448
202544,2,17,2,U, ,2,2,2,2,2,1,4,4, ,1,2,1,56,6,2,1,8,3.63414634146342,1.21164787905882
202551,2,12,3,S, ,2,1,1,1,1,1,1,2, ,1,2,1,22,8,2,2,9,1.31707317073171,.43912070784682
202566,2,24,3,S, ,2,1,1,1,1,1,1,1,1,1,1,1,33,8,2,3,7,2.82926829268293,.94329633537465
202570,2,37,3,U, ,2,2,2,2,1,2,2,2, ,9,2,1,52,9,2,1,99,2.4390243902439,.81318649601263
202571,2,45,3,S, ,2,2,1,1,2,2,1,2, ,1,2,1,24,3,2,1,2,2.41463414634146,.805054631052503
202606,2,17,2,R, ,2,1,1,2,1,1,1,1,1,1,2,1,26,6,2,1,7,2.92682926829268,.975823795215156
202619,2,27,2,U, ,1,1,2,1,1,1,1,2, ,1,2,2,20,5,2,1,4,4.82926829268293,1.61010926210501
202624,2,29,2,S, ,2,2,1,2,2,2,4,4, ,1,2,2,47,2,9,1,2,7.14634146341463,2.382636433317
202629,2,10,3,S, ,1,2,2,1,1,1,2,2, ,1,2,2,28,4,2,1,6,7.14634146341463,2.382636433317
202631,2,19,2,S, ,2,1,1,1,1,2,2,2, ,1,1,1,32,6,2,1,9,2.36585365853659,.788790901132251
202632,2,13,3,S, ,2,2,2,2,8,1,2,2, ,3,2,2,57,3,2,1,3,4.48780487804878,1.49626315266324
202633,2,19,2,R, ,2,2,1,1,1,2,2,2, ,1,2,1,24,5,2,1,4,1.75609756097561,.585494277129093
202648,2,31,2,S, ,2,2,1,2,2,1,2,2, ,3,2,2,27,3,2,1,1,2.75609756097561,.918900740494271
202657,2,6,4,S, ,2,2,1,1,1,2,1,1,4,1,2,1,25,5,2,1,3,5.17073170731707,1.72395537154677
202663,2,26,2,R, ,2,2,2,1,2,1,2,2, ,3,2,2,24,3,1,4,99,1.92682926829268,.642417331849977
202676,2,29,2,S, ,2,2,2,2,1,1,2,2, ,2,2,1,77,4,2,1,5,2.87804878048781,.959560065294903
202683,2,18,2,S, ,1,1,1,1,1,1,1,1,4,1,1,1,37,7,2,1,8,2.21951219512195,.739999711371493
202685,2,22,3,R, ,2,1,2,2,1,2,1,1,1,2,2,1,61,3,2,1,5,2.34146341463415,.780659036172124
202706,2,21,3,U, ,1,2,2,2,1,2,1,2, ,1,1,1,28,3,2,1,5,7.14634146341463,2.382636433317
202708,2,51,3,U, ,2,2,2,2,8,2,2,2, ,2,1,2,48,3,2,2,3,7.14634146341463,2.382636433317
202709,2,11,3,U, ,2,2,1,1,1,2,2,2, ,1,2,1,34,4,2,4,4,7.14634146341463,2.382636433317
202710,2,21,3,R, ,2,2,2,1,2,2,2,2, ,1,2,1,41,3,2,1,3,2.60975609756098,.870109550733514
202734,2,6,4,S, ,2,2,2,2,8,2,2,2, ,2,2,2,64,2,2,2,1,2.46341463414634,.821318360972756
202735,2,12,3,S, ,2,2,1,1,2,2,2,4, ,1,2,1,50,2,2,1,4,5.60975609756098,1.87032894082905
202736,2,33,1,U, ,2,1,2,1,2,2,2,2, ,1,2,1,54,4,2,6,3,4.53658536585366,1.51252688258349
202737,2,51,3,S, ,1,2,2,2,2,1,2,2, ,3,2,1,62,5,2,1,6,2.48780487804878,.829450225932882
202746,2,13,3,R, ,1,2,2,2,1,2,2,2, ,3,2,2,42,3,2,1,1,5.87804878048781,1.95977945539044
202753,2,42,1,S, ,2,2,2,2,2,2,2,2, ,1,2,1,67,3,2,1,99,4.02439024390244,1.34175771842084
202764,2,30,4,S, ,2,1,1,2,1,2,2,1,1,1,2,1,66,4,2,1,4,2.07317073170732,.691208521610735
202769,2,31,2,S, ,1,1,1,1,1,1,1,1,1,1,1,1,27,3,2,1,7,6.51219512195122,2.17120794435372
202772,2,6,4,S, ,2,2,2,2,2,2,2,2, ,2,2,2,99,6,2,1,1,3.78048780487805,1.26043906881958
202773,2,38,2,U, ,2,1,1,1,1,1,2,2, ,2,2,1,21,5,2,1,2,1.75609756097561,.585494277129093
202776,2,6,4,S, ,1,1,1,2,1,2,1,2, ,1,1,1,99,6,2,1,6,1.19512195121951,.398461383046189
202811,2,6,4,S, ,1,1,1,1,1,8,1,2, ,3,2,2,62,8,2,1,9,1.26829268292683,.422856977926567
202816,2,17,2,R, ,2,2,2,2,2,2,2,2, ,1,2,2,60,3,2,1,5,1.90243902439024,.634285466889851
202824,2,6,4,S, ,1,1,1,2,1,1,2,2, ,3,2,2,62,6,2,1,4,1.53658536585366,.512307492487957
202832,2,31,2,R, ,2,2,1,1,2,1,2,2, ,3,2,1,18,3,2,1,5,1.60975609756098,.536703087368336
202842,2,41,4,U, ,1,2,2,1,2,1,1,1,4,1,2,1,24,4,2,5,1,1.14634146341463,.382197653125936
202845,2,32,4,S, ,1,1,1,1,1,1,1,1,1,3,1,1,25,3,2,2,5,3.68292682926829,1.22791160897907
202848,2,9,1,U, ,1,2,1,1,1,1,1,1,3,1,2,2,28,6,2,1,5,7.14634146341463,2.382636433317
202856,2,53,4,S, ,2,1,1,1,1,1,1,1,9,1,1,2,33,6,2,1,7,4.73170731707317,1.5775818022645
202858,2,6,4,S, ,1,2,1,2,2,1,4,4, ,2,1,2,47,6,2,1,8,2.21951219512195,.739999711371493
202861,2,6,4,S, ,8,2,2,2,2,2,2,2, ,3,2,1,60,4,2,1,2,1.5609756097561,.520439357448083
